artist,track_name,genius/lyrics,genius/lyrics_annotation,musicbrainz/work_meta,musicbrainz/recording_meta,musicbrainz/release_meta,musicbrainz/artist_meta,secondhandsong/artist_meta,sonar_id,chord_annotation_id
The Beatles,I Saw Her Standing There,lyrics_The Beatles_I Saw Her Standing There.json,annotation_isawherstandingthere_thebeatles.json,work_a8a158e3-0a0e-37e1-b5b5-9480a02d816e.json,recording_da77d23c-3acb-4b3d-9596-24aa55f03ece.json,release_3efc3a17-a43c-4d02-8379-003668d3aaea.json,artist_da77d23c-3acb-4b3d-9596-24aa55f03ece.json,shs_41.json,isophonics_157,01_-_I_Saw_Her_Standing_There
The Beatles,Misery,lyrics_The Beatles_Misery.json,annotation_misery_thebeatles.json,work_a92ad8ad-34f4-3af3-b708-c6100eed2bc5.json,recording_c91fd146-01cb-4673-b653-d0845c05e164.json,release_11f7677e-8c09-467f-a2dc-a02e94ce05de.json,artist_c91fd146-01cb-4673-b653-d0845c05e164.json,shs_41.json,isophonics_128,02_-_Misery
The Beatles,Anna (Go To Him),lyrics_The Beatles_Anna (Go To Him).json,annotation_anna(gotohim)_thebeatles.json,work_f85e85e4-e486-34a4-baf5-db003adfa9f0.json,recording_db567516-40c0-46b0-9198-a196b8d2a19c.json,release_33136d83-ed67-40ae-a495-7b12882481d1.json,artist_db567516-40c0-46b0-9198-a196b8d2a19c.json,shs_41.json,isophonics_133,03_-_Anna_(Go_To_Him)
The Beatles,Chains,lyrics_The Beatles_Chains.json,annotation_chains_thebeatles.json,work_3c45ba61-5116-35ef-bc5e-03c60511779b.json,recording_b4e7e5e2-69a5-423c-be62-6a888d07ccb6.json,release_c1e9f78a-9626-49cf-8dd4-6f1996ca3894.json,artist_b4e7e5e2-69a5-423c-be62-6a888d07ccb6.json,shs_41.json,isophonics_235,04_-_Chains
The Beatles,Boys,lyrics_The Beatles_Boys.json,annotation_boys_thebeatles.json,work_ce7a1aeb-8feb-32ea-ab0f-255599a34107.json,recording_64e7b8ca-2fa2-47ae-8f6a-e3ebf835e2da.json,release_9813b116-80c7-46a1-9189-01ad1776332c.json,artist_64e7b8ca-2fa2-47ae-8f6a-e3ebf835e2da.json,shs_41.json,isophonics_79,05_-_Boys
The Beatles,Ask Me Why,lyrics_The Beatles_Ask Me Why.json,annotation_askmewhy_thebeatles.json,work_07760ebd-56ef-3b95-b776-c0ff787326d8.json,recording_04532aae-d0cb-403c-8e09-7ea1716a124c.json,release_33136d83-ed67-40ae-a495-7b12882481d1.json,artist_04532aae-d0cb-403c-8e09-7ea1716a124c.json,shs_41.json,isophonics_8,06_-_Ask_Me_Why
The Beatles,Please Please Me,lyrics_The Beatles_Please Please Me.json,annotation_pleasepleaseme_thebeatles.json,work_c4bb79ce-b942-3939-bfb1-9b57cc74ea5b.json,recording_875c1cf7-f568-4f0d-b5e3-bc8a7614269a.json,release_e03b4ff2-9f48-4051-8848-835c7c75edfc.json,artist_875c1cf7-f568-4f0d-b5e3-bc8a7614269a.json,shs_41.json,isophonics_135,07_-_Please_Please_Me
The Beatles,Love Me Do,lyrics_The Beatles_Love Me Do.json,annotation_lovemedo_thebeatles.json,work_3d2be76e-8193-307e-bca5-71f9c734c0f0.json,recording_1f518811-7cf9-4bdc-a656-0958e130f312.json,release_e1eb091c-67a3-48fb-8b48-6765e0d0d6c1.json,artist_1f518811-7cf9-4bdc-a656-0958e130f312.json,shs_41.json,isophonics_140,08_-_Love_Me_Do
The Beatles,P. S. I Love You,lyrics_The Beatles_P. S. I Love You.json,annotation_p.s.iloveyou_thebeatles.json,work_16505c22-e286-3bb2-866e-ed00a8044cd7.json,recording_c84e23aa-20d9-45df-85cb-a6ecdba6e44e.json,release_f13a1f1c-ce72-4ebc-8859-6a8a60b3e58f.json,artist_c84e23aa-20d9-45df-85cb-a6ecdba6e44e.json,shs_41.json,isophonics_212,09_-_P._S._I_Love_You
The Beatles,Baby It's You,lyrics_The Beatles_Baby It's You.json,annotation_babyit'syou_thebeatles.json,work_74e33237-62d6-35d2-8a39-892b9d3f1506.json,recording_f9b03c87-41da-4e69-b97d-500d587e3703.json,release_193a914f-c349-42dd-a701-ba16ee140fe1.json,artist_f9b03c87-41da-4e69-b97d-500d587e3703.json,shs_41.json,isophonics_31,10_-_Baby_It's_You
The Beatles,Do You Want To Know A Secret,lyrics_The Beatles_Do You Want To Know A Secret.json,annotation_doyouwanttoknowasecret_thebeatles.json,work_bf51bdc8-5623-36af-a516-083166bb0bff.json,recording_42df56b9-0aa2-4cb7-bcb5-b8c6d89803de.json,release_a3c326ed-3151-487c-9dc2-b6f016992566.json,artist_42df56b9-0aa2-4cb7-bcb5-b8c6d89803de.json,shs_41.json,isophonics_9,11_-_Do_You_Want_To_Know_A_Secret
The Beatles,A Taste Of Honey,lyrics_The Beatles_A Taste Of Honey.json,annotation_atasteofhoney_thebeatles.json,work_47dcb656-3e85-39eb-ab71-d2e75564fc44.json,recording_a6fbba57-6e43-4a8b-a017-c9c2cf64b282.json,release_d5946145-e3cc-468d-94da-1a6bec9453e2.json,artist_a6fbba57-6e43-4a8b-a017-c9c2cf64b282.json,shs_41.json,isophonics_245,12_-_A_Taste_Of_Honey
The Beatles,There's A Place,lyrics_The Beatles_There's A Place.json,annotation_there'saplace_thebeatles.json,work_45ffef49-4017-3d87-b04f-fc7c38ae7526.json,recording_14c4b37f-8a93-4dc3-bc23-2ed86cdb20bb.json,release_4d48d0d3-4f41-422a-b0f0-d91c420bd3b5.json,artist_14c4b37f-8a93-4dc3-bc23-2ed86cdb20bb.json,shs_41.json,isophonics_5,13_-_There's_A_Place
The Beatles,Twist And Shout,lyrics_The Beatles_Twist And Shout.json,annotation_twistandshout_thebeatles.json,work_7e2dedbb-5be0-32d4-8985-079d6df1e78b.json,recording_af6fb155-b03c-46ea-a44e-22ce394b2a46.json,release_6f673f88-35c4-415d-8812-d80473486ee2.json,artist_af6fb155-b03c-46ea-a44e-22ce394b2a46.json,shs_41.json,isophonics_199,14_-_Twist_And_Shout
The Beatles,It Won't Be Long,lyrics_The Beatles_It Won't Be Long.json,annotation_itwon'tbelong_thebeatles.json,work_a3fb304a-3680-369c-b9a1-61d0931a1a60.json,recording_49150aa6-2f72-4c95-9247-130d5046e827.json,release_73d4a69f-3ed3-4358-a6e5-a1eac0185eca.json,artist_49150aa6-2f72-4c95-9247-130d5046e827.json,shs_41.json,isophonics_171,01_-_It_Won't_Be_Long
The Beatles,All I've Got To Do,lyrics_The Beatles_All I've Got To Do.json,annotation_alli'vegottodo_thebeatles.json,work_01f35a80-893c-3d2b-b74d-05a3ec9abc0f.json,recording_c0071f77-86d0-4b0d-a36d-44c8af14dbe8.json,release_e616d10d-4a51-4eaf-bb09-9408dcf471b4.json,artist_c0071f77-86d0-4b0d-a36d-44c8af14dbe8.json,shs_41.json,isophonics_271,02_-_All_I've_Got_To_Do
The Beatles,All My Loving,lyrics_The Beatles_All My Loving.json,annotation_allmyloving_thebeatles.json,work_c65404bd-6bc9-30d3-9813-a960e83d9faf.json,recording_be5761a7-d99a-44e8-96a4-904b490f7061.json,release_289b38fb-cd2e-435f-bcf8-717d9f15c2e7.json,artist_be5761a7-d99a-44e8-96a4-904b490f7061.json,shs_41.json,isophonics_243,03_-_All_My_Loving
The Beatles,Don't Bother Me,lyrics_The Beatles_Don't Bother Me.json,annotation_don'tbotherme_thebeatles.json,work_c31e5675-8fb4-38fc-a160-7e41638a9ffc.json,recording_fd8dec5e-c45f-4761-9d15-c1fb675cc21b.json,release_8786eb97-4442-44c1-999a-0cba3281356c.json,artist_fd8dec5e-c45f-4761-9d15-c1fb675cc21b.json,shs_41.json,isophonics_118,04_-_Don't_Bother_Me
The Beatles,Little Child,lyrics_The Beatles_Little Child.json,annotation_littlechild_thebeatles.json,work_ed26d4de-d9db-361c-8bea-b7c08c7312b5.json,recording_13075131-64d3-447d-9c98-cd3e06afffda.json,release_8786eb97-4442-44c1-999a-0cba3281356c.json,artist_13075131-64d3-447d-9c98-cd3e06afffda.json,shs_41.json,isophonics_114,05_-_Little_Child
The Beatles,Till There Was You,lyrics_The Beatles_Till There Was You.json,annotation_tilltherewasyou_thebeatles.json,work_552f3fee-d045-3ca7-9104-d58bc127ffb5.json,recording_7ac6bb7b-6dca-4343-95f6-27eefc1a8841.json,release_6b671787-b00e-3439-a7ea-e72be3387039.json,artist_7ac6bb7b-6dca-4343-95f6-27eefc1a8841.json,shs_41.json,isophonics_115,06_-_Till_There_Was_You
The Beatles,Please Mister Postman,lyrics_The Beatles_Please Mister Postman.json,annotation_pleasemisterpostman_thebeatles.json,work_b0df7fba-26c7-33f4-9475-eeceaf61aab8.json,recording_d6760a03-b4fe-429b-ac0e-f49416a12409.json,release_e616d10d-4a51-4eaf-bb09-9408dcf471b4.json,artist_d6760a03-b4fe-429b-ac0e-f49416a12409.json,shs_41.json,isophonics_197,07_-_Please_Mister_Postman
The Beatles,Roll Over Beethoven,lyrics_The Beatles_Roll Over Beethoven.json,annotation_rolloverbeethoven_thebeatles.json,work_3d55b4e1-36f5-3cec-b702-59d1b534611e.json,recording_706be20f-e062-4569-94cc-25842dc0a625.json,release_28143c52-e523-32eb-a632-c9bfd9f814ab.json,artist_706be20f-e062-4569-94cc-25842dc0a625.json,shs_41.json,isophonics_127,08_-_Roll_Over_Beethoven
The Beatles,Hold Me Tight,lyrics_The Beatles_Hold Me Tight.json,annotation_holdmetight_thebeatles.json,work_8a54ee89-8c1f-3511-aeef-8893379963b8.json,recording_0432a2b7-614b-4389-b4fd-44ecdaddc84f.json,release_deb7a15b-6652-416d-8e4d-8d66659a7c6f.json,artist_0432a2b7-614b-4389-b4fd-44ecdaddc84f.json,shs_41.json,isophonics_180,09_-_Hold_Me_Tight
The Beatles,You Really Got A Hold On Me,lyrics_The Beatles_You Really Got A Hold On Me.json,annotation_youreallygotaholdonme_thebeatles.json,work_e39be679-5a1e-3ddb-9f23-c469783a54ea.json,recording_c30faedd-630b-48ea-9187-2ee737c310de.json,release_41e666cd-8c9e-4e66-8c84-7be32797746b.json,artist_c30faedd-630b-48ea-9187-2ee737c310de.json,shs_41.json,isophonics_48,10_-_You_Really_Got_A_Hold_On_Me
The Beatles,I Wanna Be Your Man,lyrics_The Beatles_I Wanna Be Your Man.json,annotation_iwannabeyourman_thebeatles.json,work_24e04462-eb1a-337f-b20e-8ed8fee09d61.json,recording_fe9a1f66-b3f7-451a-b0af-0ad513beafed.json,release_a1afa35e-f748-4579-8437-711952c6b828.json,artist_fe9a1f66-b3f7-451a-b0af-0ad513beafed.json,shs_41.json,isophonics_77,11_-_I_Wanna_Be_Your_Man
The Beatles,Devil In Her Heart,lyrics_The Beatles_Devil In Her Heart.json,annotation_devilinherheart_thebeatles.json,work_d890393b-d981-39e2-9a65-605ff9a8efc3.json,recording_42fd2bdf-eb4b-486c-b144-d650013bd5b4.json,release_41e666cd-8c9e-4e66-8c84-7be32797746b.json,artist_42fd2bdf-eb4b-486c-b144-d650013bd5b4.json,shs_41.json,isophonics_49,12_-_Devil_In_Her_Heart
The Beatles,Not A Second Time,lyrics_The Beatles_Not A Second Time.json,annotation_notasecondtime_thebeatles.json,work_c285d2be-1d11-3518-910c-10f68125297c.json,recording_b5351678-2cbe-4b3d-b843-9fbc0e36b423.json,release_02b4865a-d04f-4e01-9305-1c9062c2fdf3.json,artist_b5351678-2cbe-4b3d-b843-9fbc0e36b423.json,shs_41.json,isophonics_276,13_-_Not_A_Second_Time
The Beatles,Money (thatâ€™s what I want),lyrics_The Beatles_Money (thatâ€™s what I want).json,annotation_money(thatâ€™swhatiwant)_thebeatles.json,work_a50f2637-33a5-3e1f-a375-101460bea6a5.json,recording_37904f52-5381-4afa-a7a9-b49f408d6d33.json,release_7f600ba5-a213-412d-b6fe-0fe09802f753.json,artist_37904f52-5381-4afa-a7a9-b49f408d6d33.json,shs_41.json,isophonics_107,manual
The Beatles,A Hard Day's Night,lyrics_The Beatles_A Hard Day's Night.json,annotation_ahardday'snight_thebeatles.json,work_9a55593e-1419-3aa7-8281-1ffc0bcb0ace.json,recording_5253b9cd-227e-4f6a-8ab0-21e825d552aa.json,release_a0a54abd-c4dc-4938-993d-b61cda47cf0d.json,artist_5253b9cd-227e-4f6a-8ab0-21e825d552aa.json,shs_41.json,isophonics_57,01_-_A_Hard_Day's_Night
The Beatles,I Should Have Known Better,lyrics_The Beatles_I Should Have Known Better.json,annotation_ishouldhaveknownbetter_thebeatles.json,work_7258dd9c-d2bb-3d5a-acdd-2b8980b9bbe9.json,recording_af291f2e-d430-452b-9421-37152ad511b4.json,release_a0a54abd-c4dc-4938-993d-b61cda47cf0d.json,artist_af291f2e-d430-452b-9421-37152ad511b4.json,shs_41.json,isophonics_297,02_-_I_Should_Have_Known_Better
The Beatles,If I Fell,lyrics_The Beatles_If I Fell.json,annotation_ififell_thebeatles.json,work_6240c9ce-cdf7-3801-a0b2-e189bd10f2d6.json,recording_bf1ecb6d-426e-4c86-ab31-028f4702e6d0.json,release_a19c1515-566b-4b42-a0b3-c9515c7ca411.json,artist_bf1ecb6d-426e-4c86-ab31-028f4702e6d0.json,shs_41.json,isophonics_183,03_-_If_I_Fell
The Beatles,I'm Happy Just To Dance With You,lyrics_The Beatles_I'm Happy Just To Dance With You.json,annotation_i'mhappyjusttodancewithyou_thebeatles.json,work_3a403ed4-4b09-362d-bc4c-111e9a417287.json,recording_a35f0599-a36a-4971-ba73-e43cafca32da.json,release_102f6044-ab14-4142-811b-9057bd4da231.json,artist_a35f0599-a36a-4971-ba73-e43cafca32da.json,shs_41.json,isophonics_99,04_-_I'm_Happy_Just_To_Dance_With_You
The Beatles,And I Love Her,lyrics_The Beatles_And I Love Her.json,annotation_andiloveher_thebeatles.json,work_09810be4-cac8-3ae7-915a-6394d9698160.json,recording_659239a8-da3d-4427-9fe7-0e8c434c97cf.json,release_ec06b1ee-4ce2-4333-acdd-7c69992f42f0.json,artist_659239a8-da3d-4427-9fe7-0e8c434c97cf.json,shs_41.json,isophonics_62,05_-_And_I_Love_Her
The Beatles,Tell Me Why,lyrics_The Beatles_Tell Me Why.json,annotation_tellmewhy_thebeatles.json,work_8423eef7-88aa-39b0-9c4f-11a2a113fdc6.json,recording_e23e779f-4e47-4815-a045-739e5cee8ba7.json,release_aa0ed3b0-c0f5-4b40-9bfb-516730280416.json,artist_e23e779f-4e47-4815-a045-739e5cee8ba7.json,shs_41.json,isophonics_73,06_-_Tell_Me_Why
The Beatles,Can't Buy Me Love,lyrics_The Beatles_Can't Buy Me Love.json,annotation_can'tbuymelove_thebeatles.json,work_62c39e8e-18e2-326b-9a2f-615f8e2b547d.json,recording_e2064c3f-2f55-48b6-a553-db58f3b9a9ce.json,release_b2127892-1dec-4cbc-baca-336cea98bf06.json,artist_e2064c3f-2f55-48b6-a553-db58f3b9a9ce.json,shs_41.json,isophonics_44,07_-_Can't_Buy_Me_Love
The Beatles,Any Time At All,lyrics_The Beatles_Any Time At All.json,annotation_anytimeatall_thebeatles.json,work_2d2f4640-c31a-361b-9f93-1b7ac4e0da57.json,recording_b0694e8b-0d9a-465e-82b6-0375fd71ff71.json,release_ec06b1ee-4ce2-4333-acdd-7c69992f42f0.json,artist_b0694e8b-0d9a-465e-82b6-0375fd71ff71.json,shs_41.json,isophonics_12,08_-_Any_Time_At_All
The Beatles,I'll Cry Instead,lyrics_The Beatles_I'll Cry Instead.json,annotation_i'llcryinstead_thebeatles.json,work_67d340af-3612-332d-9291-cdcddd279e5e.json,recording_d116c032-eb32-4266-9b4a-57311477c44d.json,release_422bd541-66fc-4c2b-b946-77e5fb6ddc1e.json,artist_d116c032-eb32-4266-9b4a-57311477c44d.json,shs_41.json,isophonics_166,09_-_I'll_Cry_Instead
The Beatles,Things We Said Today,lyrics_The Beatles_Things We Said Today.json,annotation_thingswesaidtoday_thebeatles.json,work_5dc5b761-e100-3c4f-b703-7058912a61cd.json,recording_bc1ab2d4-fc19-4eb2-9d8b-5789e499eeea.json,release_8d606f1c-f109-3068-bf90-3f29a0ac59e0.json,artist_bc1ab2d4-fc19-4eb2-9d8b-5789e499eeea.json,shs_41.json,isophonics_87,10_-_Things_We_Said_Today
The Beatles,When I Get Home,lyrics_The Beatles_When I Get Home.json,annotation_whenigethome_thebeatles.json,work_c1790718-e5c8-3877-b47d-13bc4034e79f.json,recording_e7abc0d2-bd83-43b4-b3de-4e2db8d9ebd9.json,release_ec06b1ee-4ce2-4333-acdd-7c69992f42f0.json,artist_e7abc0d2-bd83-43b4-b3de-4e2db8d9ebd9.json,shs_41.json,isophonics_232,11_-_When_I_Get_Home
The Beatles,You Can't Do That,lyrics_The Beatles_You Can't Do That.json,annotation_youcan'tdothat_thebeatles.json,work_15835eb6-ea13-3178-bc84-6a5bc1f42a99.json,recording_37f3c01f-ff47-4557-a94f-47da15451241.json,release_3fd94aeb-bebd-3918-bf11-1cba750f213f.json,artist_37f3c01f-ff47-4557-a94f-47da15451241.json,shs_41.json,isophonics_116,12_-_You_Can't_Do_That
The Beatles,I'll Be Back,lyrics_The Beatles_I'll Be Back.json,annotation_i'llbeback_thebeatles.json,work_15be9e23-4cb5-3e0f-ac7b-c552e9ea8eb6.json,recording_a8a0301d-6b45-47e0-9ac3-41e81513ce9d.json,release_5cd103c6-07e3-32b1-8cea-7e53eb994829.json,artist_a8a0301d-6b45-47e0-9ac3-41e81513ce9d.json,shs_41.json,isophonics_184,13_-_I'll_Be_Back
The Beatles,No Reply,lyrics_The Beatles_No Reply.json,annotation_noreply_thebeatles.json,work_7a74f92d-0a91-31d4-bd07-49c5577fbadd.json,recording_e936441e-ee84-4218-b5be-d4db11e458c5.json,release_af6740eb-5568-4108-ae8d-2f4f4fa258b6.json,artist_e936441e-ee84-4218-b5be-d4db11e458c5.json,shs_41.json,isophonics_117,01_-_No_Reply
The Beatles,I'm a Loser,lyrics_The Beatles_I'm a Loser.json,annotation_i'maloser_thebeatles.json,work_5c7f8d8d-a252-3634-b34e-dc768dc2ad0c.json,recording_e1535aec-d9c8-4241-b74a-cfe149aeffba.json,release_7fa12014-843d-4ed5-8093-4d134c649db2.json,artist_e1535aec-d9c8-4241-b74a-cfe149aeffba.json,shs_41.json,isophonics_168,02_-_I'm_a_Loser
The Beatles,Baby's In Black,lyrics_The Beatles_Baby's In Black.json,annotation_baby'sinblack_thebeatles.json,work_45bffa5b-0990-3829-87ec-c3bdce0b4c84.json,recording_d7a53cec-1318-495a-ab05-849d2ebc38f8.json,release_8ae9f6e0-903d-46c5-84c1-e97235ffed6a.json,artist_d7a53cec-1318-495a-ab05-849d2ebc38f8.json,shs_41.json,isophonics_156,03_-_Baby's_In_Black
The Beatles,Rock and Roll Music,lyrics_The Beatles_Rock and Roll Music.json,annotation_rockandrollmusic_thebeatles.json,work_dc896a9f-3844-3437-b436-fd0fd6aa8848.json,recording_5b84f918-daef-4677-8e46-d830fba0f876.json,release_8ae9f6e0-903d-46c5-84c1-e97235ffed6a.json,artist_5b84f918-daef-4677-8e46-d830fba0f876.json,shs_41.json,isophonics_200,04_-_Rock_and_Roll_Music
The Beatles,I'll Follow the Sun,lyrics_The Beatles_I'll Follow the Sun.json,annotation_i'llfollowthesun_thebeatles.json,work_b8771d6f-6c0a-30ae-a9a6-2df9204376a7.json,recording_00c17e2a-25c3-403b-b584-007feb28d6f2.json,release_8ae9f6e0-903d-46c5-84c1-e97235ffed6a.json,artist_00c17e2a-25c3-403b-b584-007feb28d6f2.json,shs_41.json,isophonics_33,05_-_I'll_Follow_the_Sun
The Beatles,Mr. Moonlight,lyrics_The Beatles_Mr. Moonlight.json,annotation_mr.moonlight_thebeatles.json,work_15f07e28-a670-376f-9b6b-84bab933e0f1.json,recording_6f649d12-e007-477d-b886-4816caeed2c7.json,release_6a49d513-be52-4f46-a11f-794759f8d165.json,artist_6f649d12-e007-477d-b886-4816caeed2c7.json,shs_41.json,isophonics_89,06_-_Mr._Moonlight
The Beatles,medley:Kansas City/ Hey-Hey-Hey-Hey!,NF,NF,work_6a79f7b5-771c-3897-9a28-46e139bfef90.json,recording_e4cba562-088e-4367-b681-6f34fed9e9b5.json,release_2b82dad7-3036-49be-8161-08ab78bc580c.json,artist_e4cba562-088e-4367-b681-6f34fed9e9b5.json,shs_41.json,isophonics_275,manual
The Beatles,Eight Days a Week,lyrics_The Beatles_Eight Days a Week.json,annotation_eightdaysaweek_thebeatles.json,work_94cd18bf-d7ef-3ce8-be92-ea5e70d455ef.json,recording_9c2b1e21-33f3-4482-813b-c9ea34094a3a.json,release_4f5e2ce8-7e99-4ac9-a53f-fd504dee9968.json,artist_9c2b1e21-33f3-4482-813b-c9ea34094a3a.json,shs_41.json,isophonics_194,08_-_Eight_Days_a_Week
The Beatles,Words of Love,lyrics_The Beatles_Words of Love.json,annotation_wordsoflove_thebeatles.json,work_db04899a-e902-341f-8ed6-4524024455b2.json,recording_59e4621f-455e-4e61-b9a4-7435901d6580.json,release_2be51db2-a86e-44c3-9e86-7daf1ef47ca3.json,artist_59e4621f-455e-4e61-b9a4-7435901d6580.json,shs_41.json,isophonics_39,09_-_Words_of_Love
The Beatles,Honey Don't,lyrics_The Beatles_Honey Don't.json,annotation_honeydon't_thebeatles.json,work_1e2b05f6-081d-31af-b376-9bea1fadfbc6.json,recording_2761e565-7bf0-48c4-9bed-0c4069538482.json,release_2b82dad7-3036-49be-8161-08ab78bc580c.json,artist_2761e565-7bf0-48c4-9bed-0c4069538482.json,shs_41.json,isophonics_69,10_-_Honey_Don't
The Beatles,Every Little Thing,lyrics_The Beatles_Every Little Thing.json,annotation_everylittlething_thebeatles.json,work_fbfe0f84-9436-39db-81bd-c6ace0ff8641.json,recording_32612c83-852f-425b-a48c-b676e0180c69.json,release_6a49d513-be52-4f46-a11f-794759f8d165.json,artist_32612c83-852f-425b-a48c-b676e0180c69.json,shs_41.json,isophonics_30,11_-_Every_Little_Thing
The Beatles,I Don't Want to Spoil the Party,lyrics_The Beatles_I Don't Want to Spoil the Party.json,annotation_idon'twanttospoiltheparty_thebeatles.json,work_99810939-48a2-3079-a96e-9602008d7209.json,recording_3d657843-a881-467d-9442-bb4494ba95a1.json,release_293ed293-9e52-4f28-9418-afadecf61067.json,artist_3d657843-a881-467d-9442-bb4494ba95a1.json,shs_41.json,isophonics_150,12_-_I_Don't_Want_to_Spoil_the_Party
The Beatles,What You're Doing,lyrics_The Beatles_What You're Doing.json,annotation_whatyou'redoing_thebeatles.json,work_8374b484-62d4-3736-9924-85349bf4fcd7.json,recording_d0b252a0-a67b-4350-85f0-a7816bba6000.json,release_6a49d513-be52-4f46-a11f-794759f8d165.json,artist_d0b252a0-a67b-4350-85f0-a7816bba6000.json,shs_41.json,isophonics_251,13_-_What_You're_Doing
The Beatles,Everybody's Trying to Be My Baby,lyrics_The Beatles_Everybody's Trying to Be My Baby.json,annotation_everybody'stryingtobemybaby_thebeatles.json,work_fbfe0f84-9436-39db-81bd-c6ace0ff8641.json,recording_32612c83-852f-425b-a48c-b676e0180c69.json,release_6a49d513-be52-4f46-a11f-794759f8d165.json,artist_32612c83-852f-425b-a48c-b676e0180c69.json,shs_41.json,isophonics_213,14_-_Everybody's_Trying_to_Be_My_Baby
The Beatles,Help!,lyrics_The Beatles_Help!.json,annotation_help!_thebeatles.json,work_8b771af1-a04f-3ac5-bc53-d73849ffad16.json,recording_4416d38e-0f68-4c75-93b9-c1a793fccb49.json,release_344362ed-39c0-40bb-b55f-2c9627e5d767.json,artist_4416d38e-0f68-4c75-93b9-c1a793fccb49.json,shs_41.json,isophonics_268,01_-_Help!
The Beatles,The Night Before,lyrics_The Beatles_The Night Before.json,annotation_thenightbefore_thebeatles.json,work_c89a15dd-fa08-3739-9a43-d4c9246f8737.json,recording_0f2ddaaa-05b9-46a0-bc09-25eb9a708e6f.json,release_75b34c4a-1e15-3bf5-a734-abfafa94c731.json,artist_0f2ddaaa-05b9-46a0-bc09-25eb9a708e6f.json,shs_41.json,isophonics_46,02_-_The_Night_Before
The Beatles,You've Got To Hide Your Love Away,lyrics_The Beatles_You've Got To Hide Your Love Away.json,annotation_you'vegottohideyourloveaway_thebeatles.json,work_88ad83bf-c005-35d3-98fb-111298de6766.json,recording_c4de7264-2d02-49d9-ab8d-c89ce568f963.json,release_e3e0ac03-0525-35b1-9fed-5c9d0157bcbd.json,artist_c4de7264-2d02-49d9-ab8d-c89ce568f963.json,shs_41.json,isophonics_231,03_-_You've_Got_To_Hide_Your_Love_Away
The Beatles,I Need You,lyrics_The Beatles_I Need You.json,annotation_ineedyou_thebeatles.json,work_1de941d6-1527-3b9a-b7d4-7a8f200263ee.json,recording_3d2f2f16-a44a-435f-8b30-2df67b753571.json,release_75b34c4a-1e15-3bf5-a734-abfafa94c731.json,artist_3d2f2f16-a44a-435f-8b30-2df67b753571.json,shs_41.json,isophonics_82,04_-_I_Need_You
The Beatles,Another Girl,lyrics_The Beatles_Another Girl.json,annotation_anothergirl_thebeatles.json,work_442db089-2b8a-3417-81a4-1592c1969113.json,recording_d6a07a6a-63f0-42b2-bed8-92a34f641889.json,release_75b34c4a-1e15-3bf5-a734-abfafa94c731.json,artist_d6a07a6a-63f0-42b2-bed8-92a34f641889.json,shs_41.json,isophonics_47,05_-_Another_Girl
The Beatles,You're Going To Lose That Girl,lyrics_The Beatles_You're Going To Lose That Girl.json,annotation_you'regoingtolosethatgirl_thebeatles.json,work_8f2b3829-27db-395b-ae67-5653fa277441.json,recording_9dac44ee-5905-49ea-97f1-584d4ac7bcae.json,release_75b34c4a-1e15-3bf5-a734-abfafa94c731.json,artist_9dac44ee-5905-49ea-97f1-584d4ac7bcae.json,shs_41.json,isophonics_257,06_-_You're_Going_To_Lose_That_Girl
The Beatles,Ticket To Ride,lyrics_The Beatles_Ticket To Ride.json,annotation_tickettoride_thebeatles.json,work_4ee39265-f6f0-38f6-b0fd-4d75fd2d23c0.json,recording_b8759150-f1a1-4619-9c4b-0d74af33782d.json,release_aa6d85f0-0afd-4524-960f-fb304a1e7a51.json,artist_b8759150-f1a1-4619-9c4b-0d74af33782d.json,shs_41.json,isophonics_263,07_-_Ticket_To_Ride
The Beatles,Act Naturally,lyrics_The Beatles_Act Naturally.json,annotation_actnaturally_thebeatles.json,work_b00a941a-24a1-39a5-93d7-5f5399977e76.json,recording_07e6b8e3-4132-49a6-a82c-85b63969e3f8.json,release_f64897da-9732-40b1-bd23-8f7fad3c43bb.json,artist_07e6b8e3-4132-49a6-a82c-85b63969e3f8.json,shs_41.json,isophonics_217,08_-_Act_Naturally
The Beatles,It's Only Love,lyrics_The Beatles_It's Only Love.json,annotation_it'sonlylove_thebeatles.json,work_100862f7-6e9b-3487-ac59-20eb9652dce9.json,recording_14e79bb3-ebb0-4372-9736-9230fdbaca02.json,release_75d3d29c-e483-4724-9ae4-71ec466f1858.json,artist_14e79bb3-ebb0-4372-9736-9230fdbaca02.json,shs_41.json,isophonics_51,09_-_It's_Only_Love
The Beatles,You Like Me Too Much,lyrics_The Beatles_You Like Me Too Much.json,annotation_youlikemetoomuch_thebeatles.json,work_d091ee97-b4b3-31d4-abde-bcf30c142016.json,recording_173b407c-df73-4909-82cb-07554a9d058a.json,release_f64897da-9732-40b1-bd23-8f7fad3c43bb.json,artist_173b407c-df73-4909-82cb-07554a9d058a.json,shs_41.json,isophonics_13,10_-_You_Like_Me_Too_Much
The Beatles,Tell Me What You See,lyrics_The Beatles_Tell Me What You See.json,annotation_tellmewhatyousee_thebeatles.json,work_256be72e-8a17-3699-ad57-94606321b3c2.json,recording_735cb94c-9809-4c6e-89eb-e3cd183d39b9.json,release_75b34c4a-1e15-3bf5-a734-abfafa94c731.json,artist_735cb94c-9809-4c6e-89eb-e3cd183d39b9.json,shs_41.json,isophonics_52,11_-_Tell_Me_What_You_See
The Beatles,I've Just Seen a Face,lyrics_The Beatles_I've Just Seen a Face.json,annotation_i'vejustseenaface_thebeatles.json,work_72351d17-dfb0-3a18-befc-7bd73e51b712.json,recording_c4faaf80-30a4-4803-bb1e-2b7ad90ab794.json,release_75b34c4a-1e15-3bf5-a734-abfafa94c731.json,artist_c4faaf80-30a4-4803-bb1e-2b7ad90ab794.json,shs_41.json,isophonics_78,12_-_I've_Just_Seen_a_Face
The Beatles,Yesterday,lyrics_The Beatles_Yesterday.json,annotation_yesterday_thebeatles.json,work_0c80db24-389e-3620-8e0b-84dc2b7c009a.json,recording_c05194a3-f6f0-4f52-b78a-13fb5580bc0f.json,release_5fa0505e-342c-3236-9d8e-a7e7412d3216.json,artist_c05194a3-f6f0-4f52-b78a-13fb5580bc0f.json,shs_41.json,isophonics_244,13_-_Yesterday
The Beatles,Dizzy Miss Lizzy,lyrics_The Beatles_Dizzy Miss Lizzy.json,annotation_dizzymisslizzy_thebeatles.json,work_a36f1f9e-29c3-37f2-bcaf-f9097498f8f5.json,recording_a9b415fc-dcf8-4025-bdd7-41c798a93f54.json,release_f64897da-9732-40b1-bd23-8f7fad3c43bb.json,artist_a9b415fc-dcf8-4025-bdd7-41c798a93f54.json,shs_41.json,isophonics_108,14_-_Dizzy_Miss_Lizzy
The Beatles,Drive My Car,TimeoutError,annotation_drivemycar_thebeatles.json,work_ff164bc0-91c7-3002-a42d-6fc29935307c.json,recording_f318e511-45ab-4767-b2d4-12d0d934d1a9.json,release_231c83a7-08e2-4567-a027-bba44da6b58d.json,artist_f318e511-45ab-4767-b2d4-12d0d934d1a9.json,shs_41.json,isophonics_291,01_-_Drive_My_Car
The Beatles,Norwegian Wood (This Bird Has Flown),lyrics_The Beatles_Norwegian Wood (This Bird Has Flown).json,annotation_norwegianwood(thisbirdhasflown)_thebeatles.json,work_c82bf853-2c8c-3357-94f1-5b4086b43174.json,recording_75a6e62d-0e32-49d6-84dc-37058d16c25a.json,release_2b9fff98-333b-4885-9737-edaa9c96dcbe.json,artist_75a6e62d-0e32-49d6-84dc-37058d16c25a.json,shs_41.json,isophonics_95,02_-_Norwegian_Wood_(This_Bird_Has_Flown)
The Beatles,You Won't See Me,lyrics_The Beatles_You Won't See Me.json,annotation_youwon'tseeme_thebeatles.json,work_870bf32d-f080-35ec-b14e-d95c49c2bab9.json,recording_d28a2ebd-a99a-40e2-936f-d036cfa1dd6e.json,release_01f2df7c-edf7-4ec7-9cea-70853d29f4bf.json,artist_d28a2ebd-a99a-40e2-936f-d036cfa1dd6e.json,shs_41.json,isophonics_204,03_-_You_Won't_See_Me
The Beatles,Nowhere Man,TimeoutError,annotation_nowhereman_thebeatles.json,work_dfd3cc42-d55c-3c60-92ac-df76e58f322c.json,recording_f36e6228-39d3-4f64-b1ad-3a028a373260.json,release_1903f00b-5131-48ee-9f77-ecf1835a34bb.json,artist_f36e6228-39d3-4f64-b1ad-3a028a373260.json,shs_41.json,isophonics_242,04_-_Nowhere_Man
The Beatles,Think For Yourself,lyrics_The Beatles_Think For Yourself.json,annotation_thinkforyourself_thebeatles.json,work_8f883910-8f43-3942-8e73-663466de66d0.json,recording_a2a29988-656b-4e4d-83d5-fa60b28fdb5a.json,release_7ee88c5a-c523-4664-949d-9daab0ffc4b7.json,artist_a2a29988-656b-4e4d-83d5-fa60b28fdb5a.json,shs_41.json,isophonics_189,05_-_Think_For_Yourself
The Beatles,The Word,lyrics_The Beatles_The Word.json,annotation_theword_thebeatles.json,work_5c59d729-4677-3d65-8526-15ea26facf39.json,recording_0965a17d-6aa3-4ab8-9306-cc8c019d7bbe.json,release_67533605-9e90-4255-ad7f-ef60ff286c54.json,artist_0965a17d-6aa3-4ab8-9306-cc8c019d7bbe.json,shs_41.json,isophonics_249,06_-_The_Word
The Beatles,Michelle,lyrics_The Beatles_Michelle.json,annotation_michelle_thebeatles.json,work_0d491b94-18d9-3c5a-9163-b3dfa4483fdb.json,recording_45846566-fb79-4758-a006-15cf69e0d138.json,release_b3c84f5f-9e20-3cb6-b0e5-1b7252fa4883.json,artist_45846566-fb79-4758-a006-15cf69e0d138.json,shs_41.json,isophonics_238,07_-_Michelle
The Beatles,What Goes On,lyrics_The Beatles_What Goes On.json,annotation_whatgoeson_thebeatles.json,work_8a0ccd50-d430-3cc9-93ba-73a5e5b57de3.json,recording_619f60fa-b680-4735-a635-fc0f03715227.json,release_01f2df7c-edf7-4ec7-9cea-70853d29f4bf.json,artist_619f60fa-b680-4735-a635-fc0f03715227.json,shs_41.json,isophonics_43,08_-_What_Goes_On
The Beatles,Girl,lyrics_The Beatles_Girl.json,annotation_girl_thebeatles.json,work_401fcb2c-5fbc-397a-a5c5-6b3a3df3e261.json,recording_91ec42bc-a04d-497e-b829-439831c8dbcb.json,release_dd0b240a-9bb6-45f0-887b-489c2a085f2a.json,artist_91ec42bc-a04d-497e-b829-439831c8dbcb.json,shs_41.json,isophonics_138,09_-_Girl
The Beatles,I'm Looking Through You,lyrics_The Beatles_I'm Looking Through You.json,annotation_i'mlookingthroughyou_thebeatles.json,work_24f15100-474f-3716-9ce9-6213e760dbde.json,recording_3f5b0006-1f0e-43bc-afc4-76d01e8b26ae.json,release_67533605-9e90-4255-ad7f-ef60ff286c54.json,artist_3f5b0006-1f0e-43bc-afc4-76d01e8b26ae.json,shs_41.json,isophonics_274,10_-_I'm_Looking_Through_You
The Beatles,In My Life,lyrics_The Beatles_In My Life.json,annotation_inmylife_thebeatles.json,work_2fa4fbbf-c49d-30db-afec-5ba2ea3528df.json,recording_5e7a3a47-3df6-4ae7-a60d-fb212758ad81.json,release_f64897da-9732-40b1-bd23-8f7fad3c43bb.json,artist_5e7a3a47-3df6-4ae7-a60d-fb212758ad81.json,shs_41.json,isophonics_223,11_-_In_My_Life
The Beatles,Wait,lyrics_The Beatles_Wait.json,annotation_wait_thebeatles.json,work_179675c9-a3e5-3c44-8af5-d1cc5196f2e4.json,recording_a211669d-a34f-4313-b1e9-a9cc21a4be27.json,release_7d00573d-1007-4321-ac9e-e003b714a4c3.json,artist_a211669d-a34f-4313-b1e9-a9cc21a4be27.json,shs_41.json,isophonics_61,12_-_Wait
The Beatles,If I Needed Someone,lyrics_The Beatles_If I Needed Someone.json,annotation_ifineededsomeone_thebeatles.json,work_f30bb75f-2f9d-3f16-928e-cf8b4ce6288a.json,recording_a01e8675-b1ad-4985-999d-1020012c523f.json,release_7d00573d-1007-4321-ac9e-e003b714a4c3.json,artist_a01e8675-b1ad-4985-999d-1020012c523f.json,shs_41.json,isophonics_185,13_-_If_I_Needed_Someone
The Beatles,Run For Your Life,lyrics_The Beatles_Run For Your Life.json,annotation_runforyourlife_thebeatles.json,work_4e897c5a-84c6-35ca-a3f6-9da8bb2fd34b.json,recording_d2ff5631-0db9-4a20-9e30-f234ea7653c8.json,release_01f2df7c-edf7-4ec7-9cea-70853d29f4bf.json,artist_d2ff5631-0db9-4a20-9e30-f234ea7653c8.json,shs_41.json,isophonics_222,14_-_Run_For_Your_Life
The Beatles,Taxman,lyrics_The Beatles_Taxman.json,annotation_taxman_thebeatles.json,work_79ac4273-37e7-3fe1-864a-58bbbe9a721e.json,recording_fc95bdb1-14ba-42fd-ab93-905d81b432b3.json,release_61bffce0-2af5-3486-9062-0174628423c3.json,artist_fc95bdb1-14ba-42fd-ab93-905d81b432b3.json,shs_41.json,isophonics_214,01_-_Taxman
The Beatles,Eleanor Rigby,TimeoutError,annotation_eleanorrigby_thebeatles.json,work_388613bc-d5f1-366e-896d-e50df985b796.json,recording_424c10aa-a857-4dc6-872e-2a8fb0b707f3.json,release_d74365b0-288d-3b85-b344-7f9f603378b6.json,artist_424c10aa-a857-4dc6-872e-2a8fb0b707f3.json,shs_41.json,isophonics_289,02_-_Eleanor_Rigby
The Beatles,I'm Only Sleeping,lyrics_The Beatles_I'm Only Sleeping.json,annotation_i'monlysleeping_thebeatles.json,work_ebac52bd-5131-30b3-ba53-1d3aa12e060b.json,recording_4f2dee49-a3cf-4101-abbc-f98eb11422cc.json,release_89122db1-1b0e-4c6e-9a4e-4260784f6b97.json,artist_4f2dee49-a3cf-4101-abbc-f98eb11422cc.json,shs_41.json,isophonics_191,03_-_I'm_Only_Sleeping
The Beatles,Love You To,lyrics_The Beatles_Love You To.json,annotation_loveyouto_thebeatles.json,work_256d5abe-eb18-3ec2-ab92-ed3f8359e226.json,recording_8d89f4a0-ce99-4336-b460-c1989210f834.json,release_a9b7e6e4-59ce-49de-adfb-23064c2cba31.json,artist_8d89f4a0-ce99-4336-b460-c1989210f834.json,shs_41.json,isophonics_195,04_-_Love_You_To
The Beatles,"Here, There And Everywhere",TimeoutError,"annotation_here,thereandeverywhere_thebeatles.json",work_afcc33f4-7877-3096-a025-179a1c3adce8.json,recording_0bc0d92b-5b30-4f51-9da0-6164bbf7f448.json,release_d3acc97d-2934-3d29-a930-b5778f1b9b68.json,artist_0bc0d92b-5b30-4f51-9da0-6164bbf7f448.json,shs_41.json,isophonics_261,"05_-_Here,_There_And_Everywhere"
The Beatles,Yellow Submarine,TimeoutError,annotation_yellowsubmarine_thebeatles.json,work_b85845e2-38fc-3092-a992-d373e7d517e9.json,recording_b2181aae-5cba-496c-bb0c-b4cc0109ebf8.json,release_1c6b5463-3e4d-44a9-b80a-64948d1ef6ef.json,artist_b2181aae-5cba-496c-bb0c-b4cc0109ebf8.json,shs_41.json,isophonics_126,06_-_Yellow_Submarine
The Beatles,She Said She Said,lyrics_The Beatles_She Said She Said.json,annotation_shesaidshesaid_thebeatles.json,work_25e7aa88-98e5-3777-a640-5aae6e791e4f.json,recording_9e50d1db-d2f1-4ef2-bfa9-1eb7a71af489.json,release_03c49368-b92b-448d-9ac5-57da20984e6c.json,artist_9e50d1db-d2f1-4ef2-bfa9-1eb7a71af489.json,shs_41.json,isophonics_181,07_-_She_Said_She_Said
The Beatles,Good Day Sunshine,lyrics_The Beatles_Good Day Sunshine.json,annotation_gooddaysunshine_thebeatles.json,work_09de7db7-b41c-3373-a4aa-e8e4972e6ff0.json,recording_809947a1-4836-46e1-9b59-bdd30e611e5a.json,release_a9b7e6e4-59ce-49de-adfb-23064c2cba31.json,artist_809947a1-4836-46e1-9b59-bdd30e611e5a.json,shs_41.json,isophonics_92,08_-_Good_Day_Sunshine
The Beatles,And Your Bird Can Sing,lyrics_The Beatles_And Your Bird Can Sing.json,annotation_andyourbirdcansing_thebeatles.json,work_3911c0ca-0a63-3154-b5dd-947eddc1e161.json,recording_a2f688ec-9842-4080-898f-01bac56bd495.json,release_03c49368-b92b-448d-9ac5-57da20984e6c.json,artist_a2f688ec-9842-4080-898f-01bac56bd495.json,shs_41.json,isophonics_226,09_-_And_Your_Bird_Can_Sing
The Beatles,For No One,TimeoutError,annotation_fornoone_thebeatles.json,work_9b48ceb4-d714-317e-b081-4c341c4eb9c4.json,recording_c7580771-2c10-43dc-8833-1da0d46980f0.json,release_a3e0421b-673e-4e5f-944d-ea83b55238a0.json,artist_c7580771-2c10-43dc-8833-1da0d46980f0.json,shs_41.json,isophonics_132,10_-_For_No_One
The Beatles,Doctor Robert,lyrics_The Beatles_Doctor Robert.json,annotation_doctorrobert_thebeatles.json,work_78445e3c-d460-3c8e-90c3-2bd5c26c8c2a.json,recording_59e6487b-6c90-4e2a-82db-2e6a75afdb7e.json,release_0b6b6a87-2dcb-4f17-8762-9395fc09fdc6.json,artist_59e6487b-6c90-4e2a-82db-2e6a75afdb7e.json,shs_41.json,isophonics_81,11_-_Doctor_Robert
The Beatles,I Want To Tell You,lyrics_The Beatles_I Want To Tell You.json,annotation_iwanttotellyou_thebeatles.json,work_b168275a-4217-3387-b8bd-71742eb0a445.json,recording_f80f65f4-3d60-4036-82c3-4be412bb3b6c.json,release_d3acc97d-2934-3d29-a930-b5778f1b9b68.json,artist_f80f65f4-3d60-4036-82c3-4be412bb3b6c.json,shs_41.json,isophonics_186,12_-_I_Want_To_Tell_You
The Beatles,Got To Get You Into My Life,lyrics_The Beatles_Got To Get You Into My Life.json,annotation_gottogetyouintomylife_thebeatles.json,work_d476a330-db54-3e23-9282-593fed5e338c.json,recording_94daa927-6dbf-4a62-b6a5-77dd10e05be0.json,release_3aaaeb65-83cc-4348-88b8-4ebf3eea25c8.json,artist_94daa927-6dbf-4a62-b6a5-77dd10e05be0.json,shs_41.json,isophonics_283,13_-_Got_To_Get_You_Into_My_Life
The Beatles,Tomorrow Never Knows,lyrics_The Beatles_Tomorrow Never Knows.json,annotation_tomorrowneverknows_thebeatles.json,work_47f9b6cc-013a-33a5-a7fe-d3f3dc1a691f.json,recording_fe5faa4b-3f74-4bdd-b508-5d11e36df7ff.json,release_4279f18d-3c3c-314f-aa6e-c57716d52929.json,artist_fe5faa4b-3f74-4bdd-b508-5d11e36df7ff.json,shs_41.json,isophonics_142,14_-_Tomorrow_Never_Knows
The Beatles,Sgt. Pepper's Lonely Hearts Club Band,lyrics_The Beatles_Sgt. Pepper's Lonely Hearts Club Band.json,annotation_sgt.pepper'slonelyheartsclubband_thebeatles.json,work_c6402058-011c-30d1-8189-6d8eedebfed2.json,recording_3208833a-be90-4bc2-a9be-7fee4334f1cb.json,release_26763e13-f126-4596-857f-de6ddbac5f3f.json,artist_3208833a-be90-4bc2-a9be-7fee4334f1cb.json,shs_41.json,isophonics_50,01_-_Sgt._Pepper's_Lonely_Hearts_Club_Band
The Beatles,With A Little Help From My Friends,lyrics_The Beatles_With A Little Help From My Friends.json,annotation_withalittlehelpfrommyfriends_thebeatles.json,work_8388f958-0fef-30ea-a70a-f1803868ecf9.json,recording_efe365d3-a1d8-42dc-a63d-0b4cc6ecfaed.json,release_26763e13-f126-4596-857f-de6ddbac5f3f.json,artist_efe365d3-a1d8-42dc-a63d-0b4cc6ecfaed.json,shs_41.json,isophonics_277,02_-_With_A_Little_Help_From_My_Friends
The Beatles,Lucy In The Sky With Diamonds,lyrics_The Beatles_Lucy In The Sky With Diamonds.json,annotation_lucyintheskywithdiamonds_thebeatles.json,work_7368c546-3275-3490-af03-1b4772a14892.json,recording_23b342d3-1f0b-4a0b-a419-d873cec3b259.json,release_53eeba00-301e-4152-bc40-69b8c3df22e4.json,artist_23b342d3-1f0b-4a0b-a419-d873cec3b259.json,shs_41.json,isophonics_139,03_-_Lucy_In_The_Sky_With_Diamonds
The Beatles,Getting Better,lyrics_The Beatles_Getting Better.json,annotation_gettingbetter_thebeatles.json,work_9b94cf34-8bee-33da-8e88-83c853e10c2b.json,recording_09cc4a63-7b90-4fda-aec4-b3d34cea4fdc.json,release_27ed3c43-c3ec-42ef-b52c-8a3fce2727d5.json,artist_09cc4a63-7b90-4fda-aec4-b3d34cea4fdc.json,shs_41.json,isophonics_295,04_-_Getting_Better
The Beatles,Fixing A Hole,lyrics_The Beatles_Fixing A Hole.json,annotation_fixingahole_thebeatles.json,work_97977664-6cb2-31f7-8ffd-5e86f7c7a419.json,recording_a2df7ff8-dbc0-4afa-9987-5379856ef37b.json,release_27ed3c43-c3ec-42ef-b52c-8a3fce2727d5.json,artist_a2df7ff8-dbc0-4afa-9987-5379856ef37b.json,shs_41.json,isophonics_41,05_-_Fixing_A_Hole
The Beatles,She's Leaving Home,lyrics_The Beatles_She's Leaving Home.json,annotation_she'sleavinghome_thebeatles.json,work_7c61468a-308d-3cd3-92ae-cc0858744949.json,recording_379ff193-71be-4675-87cf-28ed354f70e9.json,release_82190d2e-067c-41f0-883c-167e9757d3da.json,artist_379ff193-71be-4675-87cf-28ed354f70e9.json,shs_41.json,isophonics_229,06_-_She's_Leaving_Home
The Beatles,Being For The Benefit Of Mr. Kite!,lyrics_The Beatles_Being For The Benefit Of Mr. Kite!.json,annotation_beingforthebenefitofmr.kite!_thebeatles.json,work_531b2a9e-66b5-34ef-abb8-a499fdf3c308.json,recording_dcaa123b-3510-4109-9646-4764bfb4f87e.json,release_27ed3c43-c3ec-42ef-b52c-8a3fce2727d5.json,artist_dcaa123b-3510-4109-9646-4764bfb4f87e.json,shs_41.json,isophonics_198,07_-_Being_For_The_Benefit_Of_Mr._Kite!
The Beatles,Within You Without You,lyrics_The Beatles_Within You Without You.json,annotation_withinyouwithoutyou_thebeatles.json,work_45dca4f3-5afa-3c77-bf64-cdb2bbde93b6.json,recording_baf24999-4f60-4512-895c-dd27b0b06e39.json,release_27ed3c43-c3ec-42ef-b52c-8a3fce2727d5.json,artist_baf24999-4f60-4512-895c-dd27b0b06e39.json,shs_41.json,isophonics_101,08_-_Within_You_Without_You
The Beatles,wheniâ€™msixtyâ€four,NF,NF,work_0ccca825-3af9-35e8-9378-7d50a28db027.json,recording_ead437b8-ea12-494a-a9db-fb7b92b0367d.json,release_27ed3c43-c3ec-42ef-b52c-8a3fce2727d5.json,artist_ead437b8-ea12-494a-a9db-fb7b92b0367d.json,shs_41.json,isophonics_0,When I'm syxty-four (manual)
The Beatles,Lovely Rita,lyrics_The Beatles_Lovely Rita.json,annotation_lovelyrita_thebeatles.json,work_2c938be6-7a64-3ca4-b011-52c87ce1b332.json,recording_057db5ae-ce60-4233-a43f-bc5707c922bf.json,release_c20b91aa-8f3e-410e-83cf-12de62600c1f.json,artist_057db5ae-ce60-4233-a43f-bc5707c922bf.json,shs_41.json,isophonics_288,10_-_Lovely_Rita
The Beatles,Good Morning Good Morning,lyrics_The Beatles_Good Morning Good Morning.json,annotation_goodmorninggoodmorning_thebeatles.json,work_5846bdf0-e20f-3e76-98d6-79b1c6299a63.json,recording_ca332845-e989-4a7a-a04d-1d803b94d34c.json,release_c3e37ecf-08f7-46e8-9558-afe91eaeb258.json,artist_ca332845-e989-4a7a-a04d-1d803b94d34c.json,shs_41.json,isophonics_165,11_-_Good_Morning_Good_Morning
The Beatles,Sgt. Pepper's Lonely Hearts Club Band (Reprise),TimeoutError,annotation_sgt.pepper'slonelyheartsclubband(reprise)_thebeatles.json,work_ba8adcd2-537e-3204-a427-86b391e40469.json,recording_f424e666-a02e-4e52-9257-93574f6f67a0.json,release_c3e37ecf-08f7-46e8-9558-afe91eaeb258.json,artist_f424e666-a02e-4e52-9257-93574f6f67a0.json,shs_41.json,isophonics_151,12_-_Sgt._Pepper's_Lonely_Hearts_Club_Band_(Reprise)
The Beatles,A Day In The Life,lyrics_The Beatles_A Day In The Life.json,annotation_adayinthelife_thebeatles.json,work_fd1aa4f2-ba26-3a05-b72d-4392c35a073c.json,recording_17c75743-6fc2-4c72-8152-25c5b45dfea7.json,release_19acb2fa-1813-4fc5-9ddf-3fa33f72690e.json,artist_17c75743-6fc2-4c72-8152-25c5b45dfea7.json,shs_41.json,isophonics_208,13_-_A_Day_In_The_Life
The Beatles,Magical Mystery Tour,lyrics_The Beatles_Magical Mystery Tour.json,annotation_magicalmysterytour_thebeatles.json,work_0daa6c0d-ac97-35d2-8f1e-b6b18153f3ca.json,recording_09c89a4b-248c-4f98-ac3e-860f8e95dcd9.json,release_cffa466a-91a1-49fb-8785-1ebddff3ac39.json,artist_09c89a4b-248c-4f98-ac3e-860f8e95dcd9.json,shs_41.json,isophonics_32,01_-_Magical_Mystery_Tour
The Beatles,The Fool On The Hill,lyrics_The Beatles_The Fool On The Hill.json,annotation_thefoolonthehill_thebeatles.json,work_8e22c635-445d-3c22-803c-f1707bc9536e.json,recording_9a42a834-e258-4b05-af58-d71da0f84c0b.json,release_9ac6ca35-7c78-3b3e-a244-9fd120ada6fc.json,artist_9a42a834-e258-4b05-af58-d71da0f84c0b.json,shs_41.json,isophonics_255,02_-_The_Fool_On_The_Hill
The Beatles,Flying,NF,annotation_flying_thebeatles.json,work_2e85fd3f-441f-3602-babe-a3148e086336.json,recording_2e9b6241-3d1d-464e-a96c-821a0ca84806.json,release_62d38d56-629d-48ba-8b97-b6983e318501.json,artist_2e9b6241-3d1d-464e-a96c-821a0ca84806.json,shs_41.json,isophonics_58,03_-_Flying
The Beatles,Blue Jay Way,lyrics_The Beatles_Blue Jay Way.json,annotation_bluejayway_thebeatles.json,work_a32a021d-cef0-39d4-a38b-bf279231b650.json,recording_d0248ce8-5db2-4739-ae7e-27f2a0bb9fb2.json,release_a1ec254e-810b-4e00-8492-3f8b8a520f21.json,artist_d0248ce8-5db2-4739-ae7e-27f2a0bb9fb2.json,shs_41.json,isophonics_68,04_-_Blue_Jay_Way
The Beatles,Your Mother Should Know,lyrics_The Beatles_Your Mother Should Know.json,annotation_yourmothershouldknow_thebeatles.json,work_cb7aa612-1c13-3e62-93ec-9bb4ba42a419.json,recording_2de2ab27-6fcf-46ec-8cd2-2ef5d51e39e8.json,release_49094ab4-5eea-4535-a354-f8504e4a6c13.json,artist_2de2ab27-6fcf-46ec-8cd2-2ef5d51e39e8.json,shs_41.json,isophonics_35,05_-_Your_Mother_Should_Know
The Beatles,I Am The Walrus,lyrics_The Beatles_I Am The Walrus.json,annotation_iamthewalrus_thebeatles.json,work_ef40e997-8a14-3c84-b371-5afc76e0626b.json,recording_3eb7efbb-8717-4034-a698-109c70798524.json,release_9ac6ca35-7c78-3b3e-a244-9fd120ada6fc.json,artist_3eb7efbb-8717-4034-a698-109c70798524.json,shs_41.json,isophonics_266,06_-_I_Am_The_Walrus
The Beatles,"Hello, Goodbye","lyrics_The Beatles_Hello, Goodbye.json","annotation_hello,goodbye_thebeatles.json",work_fbd56819-db07-35c1-b445-b57b809138c3.json,recording_8f76f968-0691-4556-a908-85956b4f4fe4.json,release_22fe8b56-a3b4-4ba3-acb8-2b14eba06dd3.json,artist_8f76f968-0691-4556-a908-85956b4f4fe4.json,shs_41.json,isophonics_93,07_-_Hello_Goodbye
The Beatles,Strawberry Fields Forever,lyrics_The Beatles_Strawberry Fields Forever.json,annotation_strawberryfieldsforever_thebeatles.json,work_29e5fdc3-ed21-3d34-9700-1aa9b68e60b7.json,recording_fe9a0114-5fb9-452c-a9d7-049c598ac860.json,release_a347cf65-565b-4459-a3ae-3fb0b3ea9216.json,artist_fe9a0114-5fb9-452c-a9d7-049c598ac860.json,shs_41.json,isophonics_282,08_-_Strawberry_Fields_Forever
The Beatles,Penny Lane,lyrics_The Beatles_Penny Lane.json,annotation_pennylane_thebeatles.json,work_1548c8c0-108f-33a8-9671-a025aa68e382.json,recording_e8137501-c9bd-41ed-a74b-3babc18dec23.json,release_c60cab15-fde2-458b-a85d-cc8e6ef2fd1d.json,artist_e8137501-c9bd-41ed-a74b-3babc18dec23.json,shs_41.json,isophonics_22,09_-_Penny_Lane
The Beatles,"Baby, You're A Rich Man","lyrics_The Beatles_Baby, You're A Rich Man.json","annotation_baby,you'rearichman_thebeatles.json",work_df59350f-1203-37f0-a424-12c69e2ac439.json,recording_f661c0c4-70d2-4fb9-ad62-5007d8b01911.json,release_75d3d29c-e483-4724-9ae4-71ec466f1858.json,artist_f661c0c4-70d2-4fb9-ad62-5007d8b01911.json,shs_41.json,isophonics_167,10_-_Baby_You're_A_Rich_Man
The Beatles,All You Need Is Love,lyrics_The Beatles_All You Need Is Love.json,annotation_allyouneedislove_thebeatles.json,work_0dfca25e-e069-3d5b-8b0a-97571eeb0892.json,recording_5098d0a8-d3c3-424e-9367-1f2610724410.json,release_7090f2cf-aed9-4eec-a377-b11778c9f18c.json,artist_5098d0a8-d3c3-424e-9367-1f2610724410.json,shs_41.json,isophonics_3,11_-_All_You_Need_Is_Love
The Beatles,Back in the U.S.S.R.,lyrics_The Beatles_Back in the U.S.S.R..json,annotation_backintheu.s.s.r._thebeatles.json,work_fd7156bf-4bd8-3831-a8a7-02827ea63fb5.json,recording_3566e453-8f10-4a45-ac85-2c72eb183ca1.json,release_ff0d1beb-cdaa-48d2-966c-acbd8aca7aac.json,artist_3566e453-8f10-4a45-ac85-2c72eb183ca1.json,shs_41.json,isophonics_287,CD1_-_01_-_Back_in_the_USSR
The Beatles,Dear Prudence,lyrics_The Beatles_Dear Prudence.json,annotation_dearprudence_thebeatles.json,work_f187f8fd-f4f0-37a8-83b3-a47c62f3f531.json,recording_05833d73-e1e0-4d69-a00b-a586f8ffb3b6.json,release_f7b99e8c-a0c1-4cbd-ba7b-4f729fd4509d.json,artist_05833d73-e1e0-4d69-a00b-a586f8ffb3b6.json,shs_41.json,isophonics_203,manual
The Beatles,Glass Onion,lyrics_The Beatles_Glass Onion.json,annotation_glassonion_thebeatles.json,work_4e9f5bfd-f7ac-31d0-8795-feb5b6fa1606.json,recording_053d552a-1718-42d0-82e8-2fdcc2d5b30e.json,release_22fe8b56-a3b4-4ba3-acb8-2b14eba06dd3.json,artist_053d552a-1718-42d0-82e8-2fdcc2d5b30e.json,shs_41.json,isophonics_267,manual
The Beatles,"Ob-La-Di, Ob-La-Da","lyrics_The Beatles_Ob-La-Di, Ob-La-Da.json","annotation_ob-la-di,ob-la-da_thebeatles.json",work_b0070295-38f3-3f6d-b3dc-499915151837.json,recording_5118f7b4-eafc-491a-9158-ee646dff2236.json,release_26763e13-f126-4596-857f-de6ddbac5f3f.json,artist_5118f7b4-eafc-491a-9158-ee646dff2236.json,shs_41.json,isophonics_130,"CD1_-_04_-_Ob-La-Di,_Ob-La-Da"
The Beatles,Wild Honey Pie,lyrics_The Beatles_Wild Honey Pie.json,annotation_wildhoneypie_thebeatles.json,work_572dea95-5f0e-3fcd-80f7-592bc9dbf310.json,recording_6ae75c90-5cb6-48f0-a262-6607659c884d.json,release_22fe8b56-a3b4-4ba3-acb8-2b14eba06dd3.json,artist_6ae75c90-5cb6-48f0-a262-6607659c884d.json,shs_41.json,isophonics_178,CD1_-_05_-_Wild_Honey_Pie
The Beatles,The Continuing Story of Bungalow Bill,lyrics_The Beatles_The Continuing Story of Bungalow Bill.json,annotation_thecontinuingstoryofbungalowbill_thebeatles.json,work_40feceb9-2788-3092-82f8-bb41a3d9f5d8.json,recording_f691d896-2f00-4124-bb81-34cd24c5c5af.json,release_22fe8b56-a3b4-4ba3-acb8-2b14eba06dd3.json,artist_f691d896-2f00-4124-bb81-34cd24c5c5af.json,shs_41.json,isophonics_290,CD1_-_06_-_The_Continuing_Story_of_Bungalow_Bill
The Beatles,While My Guitar Gently Weeps,lyrics_The Beatles_While My Guitar Gently Weeps.json,annotation_whilemyguitargentlyweeps_thebeatles.json,work_7ddade9b-fd70-35d1-9452-c37f54fdb51b.json,recording_526bd613-fddd-4bd6-9137-ab709ac74cab.json,release_c75d2647-f2cb-4470-8eb3-16ea25238104.json,artist_526bd613-fddd-4bd6-9137-ab709ac74cab.json,shs_41.json,isophonics_205,CD1_-_07_-_While_My_Guitar_Gently_Weeps
The Beatles,Happiness is a Warm Gun,lyrics_The Beatles_Happiness is a Warm Gun.json,annotation_happinessisawarmgun_thebeatles.json,work_53d571c0-d784-3964-8e37-d98b39c5bd2d.json,recording_91f01169-9332-45d5-ae65-6cd9ce31a1e5.json,release_22fe8b56-a3b4-4ba3-acb8-2b14eba06dd3.json,artist_91f01169-9332-45d5-ae65-6cd9ce31a1e5.json,shs_41.json,isophonics_67,CD1_-_08_-_Happiness_is_a_Warm_Gun
The Beatles,Martha My Dear,lyrics_The Beatles_Martha My Dear.json,annotation_marthamydear_thebeatles.json,work_614987c1-326e-332b-a53a-988da322b2c8.json,recording_291758ed-60eb-4192-92af-367b1c754745.json,release_22fe8b56-a3b4-4ba3-acb8-2b14eba06dd3.json,artist_291758ed-60eb-4192-92af-367b1c754745.json,shs_41.json,isophonics_278,CD1_-_09_-_Martha_My_Dear
The Beatles,I'm So Tired,lyrics_The Beatles_I'm So Tired.json,annotation_i'msotired_thebeatles.json,work_805b0213-a9e3-3628-9c59-f35b487f212e.json,recording_771025ae-7f9e-4f76-8aa4-ccfec40f218c.json,release_22fe8b56-a3b4-4ba3-acb8-2b14eba06dd3.json,artist_771025ae-7f9e-4f76-8aa4-ccfec40f218c.json,shs_41.json,isophonics_265,CD1_-_10_-_I'm_So_Tired
The Beatles,Black Bird,lyrics_The Beatles_Black Bird.json,annotation_blackbird_thebeatles.json,work_8a9cc43c-2958-36a1-b9e9-0afd8a346285.json,recording_17416564-fb6e-471c-a4ad-0bfc45292cd9.json,release_8247cf92-b077-381d-a6a9-bcbc6fb18537.json,artist_17416564-fb6e-471c-a4ad-0bfc45292cd9.json,shs_41.json,isophonics_294,manual
The Beatles,Piggies,lyrics_The Beatles_Piggies.json,annotation_piggies_thebeatles.json,work_11e85456-1ece-3226-8524-47b6eeca616c.json,recording_9506a3df-d210-43ba-9d50-30bf45e650ae.json,release_22fe8b56-a3b4-4ba3-acb8-2b14eba06dd3.json,artist_9506a3df-d210-43ba-9d50-30bf45e650ae.json,shs_41.json,isophonics_211,manual
The Beatles,Rocky Raccoon,lyrics_The Beatles_Rocky Raccoon.json,annotation_rockyraccoon_thebeatles.json,work_c4433803-d4e3-3273-92eb-58d915ae4ccb.json,recording_995fe358-4938-4fb0-9e85-67e86611b28e.json,release_22fe8b56-a3b4-4ba3-acb8-2b14eba06dd3.json,artist_995fe358-4938-4fb0-9e85-67e86611b28e.json,shs_41.json,isophonics_56,manual
The Beatles,Don't Pass Me By,lyrics_The Beatles_Don't Pass Me By.json,annotation_don'tpassmeby_thebeatles.json,work_be3841de-d6d2-341a-b8b3-d07ef64ef030.json,recording_744d7528-025d-4bb4-8907-f01ae87f7327.json,release_22fe8b56-a3b4-4ba3-acb8-2b14eba06dd3.json,artist_744d7528-025d-4bb4-8907-f01ae87f7327.json,shs_41.json,isophonics_15,CD1_-_14_-_Don't_Pass_Me_By
The Beatles,Why Don't We Do It In The Road?,lyrics_The Beatles_Why Don't We Do It In The Road?.json,annotation_whydon'twedoitintheroad?_thebeatles.json,work_fffb3f71-f286-3598-849e-b1030d70265b.json,recording_9082df13-72a3-46ea-8939-ca7618293436.json,release_22fe8b56-a3b4-4ba3-acb8-2b14eba06dd3.json,artist_9082df13-72a3-46ea-8939-ca7618293436.json,shs_41.json,isophonics_98,CD1_-_15_-_Why_Don't_We_Do_It_In_The_Road
The Beatles,I Will,lyrics_The Beatles_I Will.json,annotation_iwill_thebeatles.json,work_17dc9432-a694-3d33-ace5-00410bcd6185.json,recording_07c9f1a8-c11f-460e-b8ae-99081f6f6094.json,release_8247cf92-b077-381d-a6a9-bcbc6fb18537.json,artist_07c9f1a8-c11f-460e-b8ae-99081f6f6094.json,shs_41.json,isophonics_19,manual
The Beatles,Julia,lyrics_The Beatles_Julia.json,annotation_julia_thebeatles.json,work_552d92fe-078b-3649-b4cb-995473d7bd7b.json,recording_dda183c0-8697-49fa-a971-6632e6a8c31c.json,release_8453af1e-826d-3959-be5e-1113b5b4861a.json,artist_dda183c0-8697-49fa-a971-6632e6a8c31c.json,shs_41.json,isophonics_246,manual
The Beatles,Yer Blues,lyrics_The Beatles_Yer Blues.json,annotation_yerblues_thebeatles.json,work_4387e237-03c5-3d59-a602-0ba90d41f900.json,recording_35e2412a-9847-43c2-b4b3-e250df059716.json,release_22fe8b56-a3b4-4ba3-acb8-2b14eba06dd3.json,artist_35e2412a-9847-43c2-b4b3-e250df059716.json,shs_41.json,isophonics_280,manual
The Beatles,Mother Nature's Son,lyrics_The Beatles_Mother Nature's Son.json,annotation_mothernature'sson_thebeatles.json,work_60cf53dd-7a94-3f9c-9007-6d53527669d1.json,recording_cf147cd0-8e0a-43ee-82f1-cc3fbe666d88.json,release_22fe8b56-a3b4-4ba3-acb8-2b14eba06dd3.json,artist_cf147cd0-8e0a-43ee-82f1-cc3fbe666d88.json,shs_41.json,isophonics_196,CD2_-_03_-_Mother_Nature's_Son
The Beatles,Everybody's Got Something To Hide Except Me and My Monkey,lyrics_The Beatles_Everybody's Got Something To Hide Except Me and My Monkey.json,annotation_everybody'sgotsomethingtohideexceptmeandmymonkey_thebeatles.json,work_0a80240a-d1b2-3e1d-bfa1-20d53509116c.json,recording_b4f96ea4-2ddc-40aa-9072-48efbb11b91c.json,release_661e6f49-6900-44d4-b580-620008f7d9c1.json,artist_b4f96ea4-2ddc-40aa-9072-48efbb11b91c.json,shs_41.json,isophonics_123,CD2_-_04_-_Everybody's_Got_Something_To_Hide_Except_Me_and_My_Monkey
The Beatles,Sexy Sadie,lyrics_The Beatles_Sexy Sadie.json,annotation_sexysadie_thebeatles.json,work_45d86c76-4c78-311d-b95a-a3c69f745b27.json,recording_838af2bf-4775-4585-bf03-ccde4be50860.json,release_22fe8b56-a3b4-4ba3-acb8-2b14eba06dd3.json,artist_838af2bf-4775-4585-bf03-ccde4be50860.json,shs_41.json,isophonics_60,manual
The Beatles,Helter Skelter,TimeoutError,annotation_helterskelter_thebeatles.json,work_da5b679c-9e91-3241-a959-f43a224f54be.json,recording_8717d821-88ef-4873-bd91-32a0b72ba415.json,release_280bffe4-a8f1-4d9b-abf2-205e0ab936a5.json,artist_8717d821-88ef-4873-bd91-32a0b72ba415.json,shs_41.json,isophonics_74,manual
The Beatles,"Long, Long, Long","lyrics_The Beatles_Long, Long, Long.json","annotation_long,long,long_thebeatles.json",work_c1338c20-085f-32ac-8400-e71c95139705.json,recording_87031e7c-f9a2-43c6-b123-93601643e49a.json,release_22fe8b56-a3b4-4ba3-acb8-2b14eba06dd3.json,artist_87031e7c-f9a2-43c6-b123-93601643e49a.json,shs_41.json,isophonics_124,manual
The Beatles,Revolution 1,lyrics_The Beatles_Revolution 1.json,annotation_revolution1_thebeatles.json,work_fc6e50dd-839f-352a-90a5-25bdb6da7b51.json,recording_167b224b-596f-4a57-a405-08bfee59df59.json,release_22fe8b56-a3b4-4ba3-acb8-2b14eba06dd3.json,artist_167b224b-596f-4a57-a405-08bfee59df59.json,shs_41.json,isophonics_209,manual
The Beatles,Honey Pie,lyrics_The Beatles_Honey Pie.json,annotation_honeypie_thebeatles.json,work_0719a844-7338-3428-b286-b18f4e156ada.json,recording_79eaa087-edbe-43af-b7d2-de06ecf8cd90.json,release_22fe8b56-a3b4-4ba3-acb8-2b14eba06dd3.json,artist_79eaa087-edbe-43af-b7d2-de06ecf8cd90.json,shs_41.json,isophonics_125,manual
The Beatles,Savoy Truffle,lyrics_The Beatles_Savoy Truffle.json,annotation_savoytruffle_thebeatles.json,work_b8f0399a-5811-3c9b-b2dd-674de95831db.json,recording_2eb16581-560c-4a4d-82af-6f33e38fffad.json,release_22fe8b56-a3b4-4ba3-acb8-2b14eba06dd3.json,artist_2eb16581-560c-4a4d-82af-6f33e38fffad.json,shs_41.json,isophonics_230,manual
The Beatles,Cry Baby Cry,lyrics_The Beatles_Cry Baby Cry.json,annotation_crybabycry_thebeatles.json,work_42bcc050-2762-3cb9-af36-27010bcc855c.json,recording_2e3af7de-3f9c-4a2d-a28f-10c2edd13c49.json,release_22fe8b56-a3b4-4ba3-acb8-2b14eba06dd3.json,artist_2e3af7de-3f9c-4a2d-a28f-10c2edd13c49.json,shs_41.json,isophonics_270,manual
The Beatles,Revolution 9,lyrics_The Beatles_Revolution 9.json,annotation_revolution9_thebeatles.json,work_d6e9dc4b-4bff-3235-acd3-c45db045eb85.json,recording_bfae2a1a-3b13-4d39-8ff2-e17b2cac8126.json,release_22fe8b56-a3b4-4ba3-acb8-2b14eba06dd3.json,artist_bfae2a1a-3b13-4d39-8ff2-e17b2cac8126.json,shs_41.json,N/A,N/A
The Beatles,Good Night,lyrics_The Beatles_Good Night.json,annotation_goodnight_thebeatles.json,work_1260f1ed-9190-3422-b521-2ce7b8be3d84.json,recording_27f19d5f-a9dc-4b04-b7ff-54d045c1487c.json,release_22fe8b56-a3b4-4ba3-acb8-2b14eba06dd3.json,artist_27f19d5f-a9dc-4b04-b7ff-54d045c1487c.json,shs_41.json,isophonics_182,manual
The Beatles,Come Together,lyrics_The Beatles_Come Together.json,annotation_cometogether_thebeatles.json,work_bcd490e5-dac7-3b8a-b423-ae17e1209f3d.json,recording_485bbe7f-d0f7-4ffe-8adb-0f1093dd2dbf.json,release_d22a8ade-c223-4550-9775-265e0788a4b2.json,artist_485bbe7f-d0f7-4ffe-8adb-0f1093dd2dbf.json,shs_41.json,isophonics_219,01_-_Come_Together
The Beatles,Something,lyrics_The Beatles_Something.json,annotation_something_thebeatles.json,work_028542a9-b5d9-3e48-86f1-53e283b62d5e.json,recording_b849acd4-0638-49ea-8e40-7391613d4890.json,release_446abb00-2ffb-38bb-b544-512c70df7c97.json,artist_b849acd4-0638-49ea-8e40-7391613d4890.json,shs_41.json,isophonics_14,02_-_Something
The Beatles,Maxwell's Silver Hammer,lyrics_The Beatles_Maxwell's Silver Hammer.json,annotation_maxwell'ssilverhammer_thebeatles.json,work_fe806a59-c401-3562-b1b1-60150b7da1f8.json,recording_a92380e6-f10d-4407-aceb-5825b17fed5a.json,release_96e230f3-7f79-4a84-9902-b6d8de499d6e.json,artist_a92380e6-f10d-4407-aceb-5825b17fed5a.json,shs_41.json,isophonics_170,03_-_Maxwell's_Silver_Hammer
The Beatles,Oh! Darling,lyrics_The Beatles_Oh! Darling.json,annotation_oh!darling_thebeatles.json,work_53027b47-d8b3-3749-8e73-0f5d4e5fe242.json,recording_de896c41-463d-4eaa-8fe4-d826e2afa0f8.json,release_96e230f3-7f79-4a84-9902-b6d8de499d6e.json,artist_de896c41-463d-4eaa-8fe4-d826e2afa0f8.json,shs_41.json,isophonics_216,04_-_Oh!_Darling
The Beatles,Octopus's Garden,lyrics_The Beatles_Octopus's Garden.json,annotation_octopus'sgarden_thebeatles.json,work_4986b89e-1316-3143-ba60-173fb0bd7a03.json,recording_15127932-c879-466e-b0f8-a1c5022d16e7.json,release_209df33f-cafb-4882-b929-dcb028950fe4.json,artist_15127932-c879-466e-b0f8-a1c5022d16e7.json,shs_41.json,isophonics_121,05_-_Octopus's_Garden
The Beatles,iwantyou(sheâ€™ssoheavy),NF,NF,work_baf203e7-6383-352e-9d82-50504dd70f3c.json,recording_a9a83384-3da3-4c84-af6d-33fcdb1c3e27.json,release_96e230f3-7f79-4a84-9902-b6d8de499d6e.json,artist_a9a83384-3da3-4c84-af6d-33fcdb1c3e27.json,shs_41.json,isophonics_27,manual
The Beatles,Here Comes The Sun,lyrics_The Beatles_Here Comes The Sun.json,annotation_herecomesthesun_thebeatles.json,work_8549de8e-f65b-3e64-b8a2-08c90cc5fdd1.json,recording_440f60e8-0b25-4ec4-abb1-c6beec624ab0.json,release_6bb3793b-f991-378e-9bff-0bd3117f2298.json,artist_440f60e8-0b25-4ec4-abb1-c6beec624ab0.json,shs_41.json,isophonics_224,07_-_Here_Comes_The_Sun
The Beatles,Because,lyrics_The Beatles_Because.json,annotation_because_thebeatles.json,work_b1002811-37ca-3aed-a3d1-f3e9474c28a7.json,recording_1e1d1f33-346c-4f9a-ad05-03aa715c2f37.json,release_96e230f3-7f79-4a84-9902-b6d8de499d6e.json,artist_1e1d1f33-346c-4f9a-ad05-03aa715c2f37.json,shs_41.json,isophonics_129,08_-_Because
The Beatles,You Never Give Me Your Money,lyrics_The Beatles_You Never Give Me Your Money.json,annotation_younevergivemeyourmoney_thebeatles.json,work_a9311585-66b2-39fc-989b-cfca04f2775e.json,recording_474546e9-0b30-4881-9269-c6c1c8bbf07b.json,release_372f7e64-08dd-3ffb-913a-f29e5fe2b9d5.json,artist_474546e9-0b30-4881-9269-c6c1c8bbf07b.json,shs_41.json,isophonics_192,09_-_You_Never_Give_Me_Your_Money
The Beatles,Sun King,lyrics_The Beatles_Sun King.json,annotation_sunking_thebeatles.json,work_9626f219-5937-393e-a28f-3a7c7a121527.json,recording_d057c75d-04eb-438f-be0b-74f629f2953c.json,release_372f7e64-08dd-3ffb-913a-f29e5fe2b9d5.json,artist_d057c75d-04eb-438f-be0b-74f629f2953c.json,shs_41.json,isophonics_40,10_-_Sun_King
The Beatles,Mean Mr Mustard,lyrics_The Beatles_Mean Mr Mustard.json,annotation_meanmrmustard_thebeatles.json,work_6e1870ec-cbc4-34ba-be79-a5123def7793.json,recording_99c004fb-ba87-41be-afd4-e0157b40516a.json,release_372f7e64-08dd-3ffb-913a-f29e5fe2b9d5.json,artist_99c004fb-ba87-41be-afd4-e0157b40516a.json,shs_41.json,isophonics_228,11_-_Mean_Mr_Mustard
The Beatles,Polythene Pam,lyrics_The Beatles_Polythene Pam.json,annotation_polythenepam_thebeatles.json,work_9e87795e-dca9-3d97-8597-55d89eceb4e4.json,recording_65ca55c8-d857-4a3b-9246-835b1e54fe4d.json,release_372f7e64-08dd-3ffb-913a-f29e5fe2b9d5.json,artist_65ca55c8-d857-4a3b-9246-835b1e54fe4d.json,shs_41.json,isophonics_292,12_-_Polythene_Pam
The Beatles,She Came In Through The Bathroom Window,lyrics_The Beatles_She Came In Through The Bathroom Window.json,annotation_shecameinthroughthebathroomwindow_thebeatles.json,work_ddce89a2-7ead-344c-b879-56ffbe88b202.json,recording_c19db4d3-6640-4732-a0b2-e358ed80c5c4.json,release_372f7e64-08dd-3ffb-913a-f29e5fe2b9d5.json,artist_c19db4d3-6640-4732-a0b2-e358ed80c5c4.json,shs_41.json,isophonics_146,13_-_She_Came_In_Through_The_Bathroom_Window
The Beatles,Golden Slumbers,lyrics_The Beatles_Golden Slumbers.json,annotation_goldenslumbers_thebeatles.json,work_c5960d63-ebc3-3f7e-87da-eb72c0ce4dc7.json,recording_3d7f2000-123d-4cac-862b-e04ead24c5f2.json,release_372f7e64-08dd-3ffb-913a-f29e5fe2b9d5.json,artist_3d7f2000-123d-4cac-862b-e04ead24c5f2.json,shs_41.json,isophonics_97,14_-_Golden_Slumbers
The Beatles,Carry That Weight,lyrics_The Beatles_Carry That Weight.json,annotation_carrythatweight_thebeatles.json,work_b97caa46-b381-36e8-9482-0c9c6d6ea030.json,recording_daaee15a-8a4c-4275-a7c1-5b6211f0ec69.json,release_96e230f3-7f79-4a84-9902-b6d8de499d6e.json,artist_daaee15a-8a4c-4275-a7c1-5b6211f0ec69.json,shs_41.json,isophonics_28,15_-_Carry_That_Weight
The Beatles,The End,lyrics_The Beatles_The End.json,annotation_theend_thebeatles.json,work_758a4781-726a-35b8-9fe6-a4ba175e07c6.json,recording_5ad78393-77c2-451e-beb1-074df7e06e57.json,release_22fe8b56-a3b4-4ba3-acb8-2b14eba06dd3.json,artist_5ad78393-77c2-451e-beb1-074df7e06e57.json,shs_41.json,isophonics_143,16_-_The_End
The Beatles,Her Majesty,lyrics_The Beatles_Her Majesty.json,annotation_hermajesty_thebeatles.json,work_201df4f4-a878-365f-96f9-841deaaea058.json,recording_ed8d1b3b-8757-447a-baba-3efe027f2765.json,release_22fe8b56-a3b4-4ba3-acb8-2b14eba06dd3.json,artist_ed8d1b3b-8757-447a-baba-3efe027f2765.json,shs_41.json,isophonics_220,17_-_Her_Majesty
The Beatles,Two of Us,lyrics_The Beatles_Two of Us.json,annotation_twoofus_thebeatles.json,work_14614bcc-b8cc-3a03-9a76-d2b8c7a4a8f7.json,recording_4576371a-a0d6-4dbf-b3b7-8f1e1b58ec43.json,release_47ec4c86-d8c4-4fbc-9f75-196ca07388da.json,artist_4576371a-a0d6-4dbf-b3b7-8f1e1b58ec43.json,shs_41.json,isophonics_59,01_-_Two_of_Us
The Beatles,Dig a Pony,lyrics_The Beatles_Dig a Pony.json,annotation_digapony_thebeatles.json,work_ba8c86c8-24f0-313d-8a17-961fea071b37.json,recording_4131e00c-13c5-4f92-a2ff-73c2edaf420c.json,release_47ec4c86-d8c4-4fbc-9f75-196ca07388da.json,artist_4131e00c-13c5-4f92-a2ff-73c2edaf420c.json,shs_41.json,isophonics_173,02_-_Dig_a_Pony
The Beatles,Across the Universe,lyrics_The Beatles_Across the Universe.json,annotation_acrosstheuniverse_thebeatles.json,work_236fc506-2afa-3c4c-b5f9-50640c56cd9b.json,recording_90aa777f-5c69-4ed6-8ef9-6a576423e6a2.json,release_da5b1889-7fee-4d97-8c76-94b25303b3b7.json,artist_90aa777f-5c69-4ed6-8ef9-6a576423e6a2.json,shs_41.json,isophonics_80,03_-_Across_the_Universe
The Beatles,I Me Mine,lyrics_The Beatles_I Me Mine.json,annotation_imemine_thebeatles.json,work_7b254e86-f74b-3d18-a075-dcdcdeefa666.json,recording_b62ccbb7-bd69-468f-a95f-2f6a4604cc26.json,release_47ec4c86-d8c4-4fbc-9f75-196ca07388da.json,artist_b62ccbb7-bd69-468f-a95f-2f6a4604cc26.json,shs_41.json,isophonics_227,04_-_I_Me_Mine
The Beatles,Dig It,lyrics_The Beatles_Dig It.json,annotation_digit_thebeatles.json,work_ba8f396a-cc0b-3136-b6e1-17e379d884da.json,recording_906836d9-b363-405d-a52c-e780a6cb5f24.json,release_47ec4c86-d8c4-4fbc-9f75-196ca07388da.json,artist_906836d9-b363-405d-a52c-e780a6cb5f24.json,shs_41.json,isophonics_215,05_-_Dig_It
The Beatles,Let It Be,lyrics_The Beatles_Let It Be.json,annotation_letitbe_thebeatles.json,work_ef5b9074-84d2-3e46-81ba-cdbe57898033.json,recording_0cdc9b5b-b16b-4ff1-9f16-5b4ba76f1c17.json,release_60ed52e9-7d16-44f4-b315-a1d4952000be.json,artist_0cdc9b5b-b16b-4ff1-9f16-5b4ba76f1c17.json,shs_41.json,isophonics_175,06_-_Let_It_Be
The Beatles,Maggie Mae,lyrics_The Beatles_Maggie Mae.json,annotation_maggiemae_thebeatles.json,work_36a7641a-270d-3330-b1ac-7f1f09f86c27.json,recording_342a7655-887f-4e3f-95a1-d45f8e2df166.json,release_47ec4c86-d8c4-4fbc-9f75-196ca07388da.json,artist_342a7655-887f-4e3f-95a1-d45f8e2df166.json,shs_41.json,isophonics_298,07_-_Maggie_Mae
The Beatles,I've Got A Feeling,lyrics_The Beatles_I've Got A Feeling.json,annotation_i'vegotafeeling_thebeatles.json,work_56eec200-a575-36fb-aa11-e7fe8c3d9cda.json,recording_30b9d279-e8aa-499d-aa89-130fba800696.json,release_47ec4c86-d8c4-4fbc-9f75-196ca07388da.json,artist_30b9d279-e8aa-499d-aa89-130fba800696.json,shs_41.json,isophonics_112,08_-_I've_Got_A_Feeling
The Beatles,One After 909,lyrics_The Beatles_One After 909.json,annotation_oneafter909_thebeatles.json,work_fcb17a36-1803-3017-a328-d714cf50b0fa.json,recording_e1f05d06-06ad-4f22-9c81-c94c0f44fe41.json,release_47ec4c86-d8c4-4fbc-9f75-196ca07388da.json,artist_e1f05d06-06ad-4f22-9c81-c94c0f44fe41.json,shs_41.json,isophonics_149,09_-_One_After_909
The Beatles,The Long and Winding Road,lyrics_The Beatles_The Long and Winding Road.json,annotation_thelongandwindingroad_thebeatles.json,work_7635e382-80e0-334b-becd-9cccc8d979ed.json,recording_2df46dec-b453-4444-91b9-5fa5d7515fd9.json,release_c97ce241-9aa3-46d9-985e-419d17410a5d.json,artist_2df46dec-b453-4444-91b9-5fa5d7515fd9.json,shs_41.json,isophonics_34,10_-_The_Long_and_Winding_Road
The Beatles,For You Blue,lyrics_The Beatles_For You Blue.json,annotation_foryoublue_thebeatles.json,work_f4da6f79-aad3-3b7e-bca8-68a7c9f4fdbf.json,recording_e3f3b880-32e7-401c-8879-9e477b1a6d73.json,release_46fbb1cd-a55d-4317-9bde-c3620de040bb.json,artist_e3f3b880-32e7-401c-8879-9e477b1a6d73.json,shs_41.json,isophonics_72,11_-_For_You_Blue
The Beatles,Get Back,lyrics_The Beatles_Get Back.json,annotation_getback_thebeatles.json,work_246d57d9-014b-3b72-8bc8-aeb25e9fca49.json,recording_a52c2553-1670-4262-9193-6ecd6713741a.json,release_341a1aa9-cd9d-4836-b3c5-900426046a70.json,artist_a52c2553-1670-4262-9193-6ecd6713741a.json,shs_41.json,isophonics_162,12_-_Get_Back
Queen,Bohemian Rhapsody,lyrics_Queen_Bohemian Rhapsody.json,annotation_bohemianrhapsody_queen.json,work_41c94a08-a551-3c86-bb17-d9a52e3a618b.json,recording_b1a9c0e9-d987-4042-ae91-78d6a3267d69.json,release_0b840651-dffa-421e-a247-1249716c2ace.json,artist_b1a9c0e9-d987-4042-ae91-78d6a3267d69.json,shs_374.json,isophonics_2,01 Bohemian Rhapsody
Queen,Another One Bites The Dust,lyrics_Queen_Another One Bites The Dust.json,annotation_anotheronebitesthedust_queen.json,work_32f309f2-d322-3194-807c-1b78f979ff66.json,recording_6b235773-16bd-4fc5-b57e-c966f9d1db6d.json,release_4d3b6105-4ecd-3a50-87f0-d9c9e4f777c3.json,artist_6b235773-16bd-4fc5-b57e-c966f9d1db6d.json,shs_374.json,isophonics_258,02 Another One Bites The Dust
Queen,Killer Queen,lyrics_Queen_Killer Queen.json,annotation_killerqueen_queen.json,work_5349ec56-331d-367b-9453-017834bccdb7.json,recording_7b3d96c9-3e22-4337-be32-f8a26b816685.json,release_0a2bb1a5-1e64-46cc-94ad-95d3a7c11ab3.json,artist_7b3d96c9-3e22-4337-be32-f8a26b816685.json,shs_374.json,N/A,N/A
Queen,Fat Bottomed Girls,lyrics_Queen_Fat Bottomed Girls.json,annotation_fatbottomedgirls_queen.json,work_1ca8512c-2208-3e92-8b0b-9dc44eb25b62.json,recording_eab2a796-b692-4c95-97ee-092517da0345.json,release_a23332b3-c5e9-4785-85a6-0e3e12e21404.json,artist_eab2a796-b692-4c95-97ee-092517da0345.json,shs_374.json,isophonics_96,04 Fat Bottomed Girls
Queen,Bicycle Race,lyrics_Queen_Bicycle Race.json,annotation_bicyclerace_queen.json,work_4f785939-c9cd-3e93-bb58-1ea9ec683ad4.json,recording_135214af-6058-4705-9f17-18d396f36191.json,release_0a2bb1a5-1e64-46cc-94ad-95d3a7c11ab3.json,artist_135214af-6058-4705-9f17-18d396f36191.json,shs_374.json,isophonics_201,05 Bicycle Race
Queen,You're My Best Friend,lyrics_Queen_You're My Best Friend.json,annotation_you'remybestfriend_queen.json,work_2b563c5e-3eed-3405-949d-065c58191284.json,recording_471dc436-80be-4f06-bc8f-7e2685876cfc.json,release_0b840651-dffa-421e-a247-1249716c2ace.json,artist_471dc436-80be-4f06-bc8f-7e2685876cfc.json,shs_374.json,isophonics_279,06 You're My Best Friend
Queen,Don't Stop Me Now,lyrics_Queen_Don't Stop Me Now.json,annotation_don'tstopmenow_queen.json,work_8f217f03-fd55-366c-b80e-66424027dc29.json,recording_d4009c09-a339-4b89-bc45-d91ab649acb6.json,release_04fa4243-e37c-479c-ab0e-b981b0be63da.json,artist_d4009c09-a339-4b89-bc45-d91ab649acb6.json,shs_374.json,isophonics_45,07 Don't Stop Me Now
Queen,Save Me,lyrics_Queen_Save Me.json,annotation_saveme_queen.json,work_5d933a63-77f0-3584-9303-55ed00a18611.json,recording_95706c6c-3bd7-4f5b-bad8-d03095771a71.json,release_bdbf925a-f549-4325-a38e-11f3dc68322a.json,artist_95706c6c-3bd7-4f5b-bad8-d03095771a71.json,shs_374.json,isophonics_296,08 Save Me
Queen,Crazy Little Thing Called Love,lyrics_Queen_Crazy Little Thing Called Love.json,annotation_crazylittlethingcalledlove_queen.json,work_dad1c2a9-3d32-319f-bfc8-4783b8731be0.json,recording_fd125370-5ac9-45eb-86ad-ab99e258404b.json,release_0a2bb1a5-1e64-46cc-94ad-95d3a7c11ab3.json,artist_fd125370-5ac9-45eb-86ad-ab99e258404b.json,shs_374.json,isophonics_236,09 Crazy Little Thing Called Love
Queen,Somebody To Love,lyrics_Queen_Somebody To Love.json,annotation_somebodytolove_queen.json,work_cd3796d9-146f-3489-874e-5a4e3c838dc8.json,recording_3b286fbf-0dc9-45b8-bf4a-5036ac72526d.json,release_762cb62a-e91d-402d-8a2e-3d1068ca53d5.json,artist_3b286fbf-0dc9-45b8-bf4a-5036ac72526d.json,shs_374.json,isophonics_160,10 Somebody To Love
Queen,Now I'm Here,lyrics_Queen_Now I'm Here.json,annotation_nowi'mhere_queen.json,work_8b2d2f47-9e7b-3bc6-b7d1-41dfb39eddcc.json,recording_44901061-7a57-4b3f-9c22-b17da050b604.json,release_1bef8229-e3b9-4682-a67e-672e7b75374c.json,artist_44901061-7a57-4b3f-9c22-b17da050b604.json,shs_374.json,N/A,N/A
Queen,good oldâ€fashioned loverboy,lyrics_Queen_good oldâ€fashioned loverboy.json,annotation_goodoldâ€fashionedloverboy_queen.json,work_72d11fe4-938c-3d4b-a89d-6bac224b343b.json,recording_312d688d-fdef-43a1-a0b6-71d4afa1f351.json,release_d81d74b6-b75b-39a7-a193-eb8534a7b0b6.json,artist_312d688d-fdef-43a1-a0b6-71d4afa1f351.json,shs_374.json,isophonics_193,manual
Queen,Play The Game,lyrics_Queen_Play The Game.json,annotation_playthegame_queen.json,work_d58f9350-bfd0-36ec-ab84-50dc05ec8d00.json,recording_fd69655e-91e3-42d5-8cb5-27e3a3784067.json,release_0a2bb1a5-1e64-46cc-94ad-95d3a7c11ab3.json,artist_fd69655e-91e3-42d5-8cb5-27e3a3784067.json,shs_374.json,isophonics_21,13 Play The Game
Queen,Flash,lyrics_Queen_Flash.json,annotation_flash_queen.json,work_f4abab3a-8501-3646-bc3b-5782b9c3839f.json,recording_e61e12a1-118a-4441-9a58-b5eaff2ce9bc.json,release_a23332b3-c5e9-4785-85a6-0e3e12e21404.json,artist_e61e12a1-118a-4441-9a58-b5eaff2ce9bc.json,shs_374.json,N/A,N/A
Queen,Seven Seas Of Rhye,lyrics_Queen_Seven Seas Of Rhye.json,annotation_sevenseasofrhye_queen.json,work_82563d10-9cf9-3c72-8dc0-7c17e6a4a348.json,recording_8402fc0f-71b8-4773-ae7b-86bde5ac7b43.json,release_487bd94a-b5e1-4045-8ce3-75986ce8cfe5.json,artist_8402fc0f-71b8-4773-ae7b-86bde5ac7b43.json,shs_374.json,isophonics_6,15 Seven Seas Of Rhye
Queen,We Will Rock You,lyrics_Queen_We Will Rock You.json,annotation_wewillrockyou_queen.json,work_3623f3af-2b21-37ff-8b5a-825b815c6f4f.json,recording_f8581c2b-61ac-465d-82ae-0fa2916a4799.json,release_39323b23-f3d6-4735-b296-60eaa721b1c5.json,artist_f8581c2b-61ac-465d-82ae-0fa2916a4799.json,shs_374.json,isophonics_109,16 We Will Rock You
Queen,We Are The Champions,lyrics_Queen_We Are The Champions.json,annotation_wearethechampions_queen.json,work_0b3da969-5466-3cef-8cbb-bfc882ba9fcf.json,recording_3604eb06-4bc2-4416-9b31-ceadae51bc70.json,release_4d3b6105-4ecd-3a50-87f0-d9c9e4f777c3.json,artist_3604eb06-4bc2-4416-9b31-ceadae51bc70.json,shs_374.json,isophonics_1,17 We Are The Champions
Queen,A Kind Of Magic,lyrics_Queen_A Kind Of Magic.json,annotation_akindofmagic_queen.json,work_73c55095-fa3d-3a59-aa33-d75538233c08.json,recording_6244adb7-2a77-4e37-a0aa-6a99267bb655.json,release_206b30ec-41bd-479c-9f7f-2462e20ac4b6.json,artist_6244adb7-2a77-4e37-a0aa-6a99267bb655.json,shs_374.json,isophonics_64,01 A Kind Of Magic
Queen,Under Pressure,lyrics_Queen_Under Pressure.json,annotation_underpressure_queen.json,work_4e6a04c3-6897-391d-8e8c-1da7a6dce1ca.json,recording_32c7e292-14f1-4080-bddf-ef852e0a4c59.json,release_92655853-3fcc-3491-b166-0c932420f594.json,artist_32c7e292-14f1-4080-bddf-ef852e0a4c59.json,shs_194.json,N/A,N/A
Queen,Radio Ga Ga,lyrics_Queen_Radio Ga Ga.json,annotation_radiogaga_queen.json,work_2c76fe20-59d5-3dd9-93ee-be2107ac977c.json,recording_6da2cc31-9b12-4b66-9e26-074150f73406.json,release_c5af1c69-40a6-4ed2-9ef7-c20c742a1e15.json,artist_6da2cc31-9b12-4b66-9e26-074150f73406.json,shs_374.json,N/A,N/A
Queen,I Want It All,lyrics_Queen_I Want It All.json,annotation_iwantitall_queen.json,work_7d1ff1de-4949-38e7-aeff-df71b8bb9f8a.json,recording_938440e0-99df-42cf-91e3-52b088a8f19e.json,release_d906be27-bf3a-45ef-a000-4d6833438885.json,artist_938440e0-99df-42cf-91e3-52b088a8f19e.json,shs_374.json,isophonics_248,04 I Want It All
Queen,I Want To Break Free,lyrics_Queen_I Want To Break Free.json,annotation_iwanttobreakfree_queen.json,work_fa6d714b-4190-3397-bb31-b2dfd52aa8eb.json,recording_8f0a2dcc-67f6-4510-bd59-ffd820217832.json,release_77db2004-9c6e-49d6-887a-c05f26a87e49.json,artist_8f0a2dcc-67f6-4510-bd59-ffd820217832.json,shs_374.json,isophonics_147,05 I Want To Break Free
Queen,Innuendo,lyrics_Queen_Innuendo.json,annotation_innuendo_queen.json,work_a694dadb-5c80-30a6-beae-f75d8e644518.json,recording_0912dae6-6fc4-4866-a8e7-414ba4d4ebe8.json,release_a62a40be-c224-4463-8fc4-69b5019463e0.json,artist_0912dae6-6fc4-4866-a8e7-414ba4d4ebe8.json,shs_374.json,N/A,N/A
Queen,It's A Hard Life,lyrics_Queen_It's A Hard Life.json,annotation_it'sahardlife_queen.json,work_03f4b916-a4ea-38bb-8c00-733073c3b92d.json,recording_583bdc51-88f8-4e2f-941a-0291f1dfddc6.json,release_c352b895-da61-3443-b4a3-bf7b2a49e936.json,artist_583bdc51-88f8-4e2f-941a-0291f1dfddc6.json,shs_374.json,N/A,N/A
Queen,Breakthru,lyrics_Queen_Breakthru.json,annotation_breakthru_queen.json,work_582df4f7-cccc-3274-9dee-72ab5b35af4f.json,recording_34310138-b423-4ef7-a914-7972cee6a3d3.json,release_c727a2aa-7796-40da-834d-b782f65f1d9d.json,artist_34310138-b423-4ef7-a914-7972cee6a3d3.json,shs_374.json,N/A,N/A
Queen,Who Wants To Live Forever,lyrics_Queen_Who Wants To Live Forever.json,annotation_whowantstoliveforever_queen.json,work_fd9e2746-807e-36f1-b78e-600efc31f57a.json,recording_662057b3-5345-4ad3-b0e8-9d7e7956aa0c.json,release_e0dd2e17-60ed-3387-bfb6-25c3cf7bdba7.json,artist_662057b3-5345-4ad3-b0e8-9d7e7956aa0c.json,shs_374.json,isophonics_10,09 Who Wants To Live Forever
Queen,Headlong,TimeoutError,TimeoutError,work_317c58bd-1948-484c-8707-114aa639e19c.json,recording_399f804f-c033-4875-a8d6-425a77ed861f.json,release_1ec4c953-724c-465f-ae54-e9dcb4fc5674.json,artist_399f804f-c033-4875-a8d6-425a77ed861f.json,shs_374.json,N/A,N/A
Queen,The Miracle,lyrics_Queen_The Miracle.json,annotation_themiracle_queen.json,work_885225c4-bb1f-472a-8d10-ce439df83053.json,recording_ee40cb79-88f5-4bd7-ba12-95c43cb6714b.json,release_0eef816e-6e4c-499f-8dce-f93cf807ef74.json,artist_ee40cb79-88f5-4bd7-ba12-95c43cb6714b.json,shs_374.json,N/A,N/A
Queen,I'm Going Slightly Mad,lyrics_Queen_I'm Going Slightly Mad.json,annotation_i'mgoingslightlymad_queen.json,work_a789a62d-2010-47f0-91ca-cee6af028ff3.json,recording_27fd84a2-daf6-4ecf-81ad-fdfb52a668ae.json,release_0eef816e-6e4c-499f-8dce-f93cf807ef74.json,artist_27fd84a2-daf6-4ecf-81ad-fdfb52a668ae.json,shs_374.json,N/A,N/A
Queen,The Invisible Man,lyrics_Queen_The Invisible Man.json,annotation_theinvisibleman_queen.json,work_67e059ac-4cb4-44d0-8b11-b6c474dfc84a.json,recording_e26b6b74-d2b5-4e84-99f3-cc36cc4270e1.json,release_1bb17a32-c5bc-3af7-8d25-6dda5a0699bb.json,artist_e26b6b74-d2b5-4e84-99f3-cc36cc4270e1.json,shs_374.json,N/A,N/A
Queen,Hammer To Fall,lyrics_Queen_Hammer To Fall.json,annotation_hammertofall_queen.json,work_1e807fa4-b844-3222-b7cd-c6cfa773a445.json,recording_affa77b7-945c-45ad-b263-448c0055137c.json,release_0955c8ab-fb12-4aea-ad25-5b9f4b087a33.json,artist_affa77b7-945c-45ad-b263-448c0055137c.json,shs_374.json,isophonics_136,14 Hammer To Fall
Queen,Friends Will Be Friends,lyrics_Queen_Friends Will Be Friends.json,annotation_friendswillbefriends_queen.json,work_cbe4f7d2-2bff-4f20-ab4e-7da3b29d94c1.json,recording_f16412c7-6f8a-47f7-a41f-894b4194181b.json,release_c352b895-da61-3443-b4a3-bf7b2a49e936.json,artist_f16412c7-6f8a-47f7-a41f-894b4194181b.json,shs_374.json,isophonics_76,15 Friends Will Be Friends
Queen,The Show Must Go On,lyrics_Queen_The Show Must Go On.json,annotation_theshowmustgoon_queen.json,work_413a5804-e94e-35ed-af73-fb267479bc24.json,recording_e4678e4a-3cb1-497b-9b66-a0c1fec1a85e.json,release_d906be27-bf3a-45ef-a000-4d6833438885.json,artist_e4678e4a-3cb1-497b-9b66-a0c1fec1a85e.json,shs_374.json,N/A,N/A
Queen,One Vision,lyrics_Queen_One Vision.json,annotation_onevision_queen.json,work_014613a6-910e-3cd5-ae15-7449e03f41e2.json,recording_48339025-eab8-49ca-ab88-1e7b51d20c8b.json,release_be131e45-d722-4e1d-b6d9-818e575d052d.json,artist_48339025-eab8-49ca-ab88-1e7b51d20c8b.json,shs_374.json,N/A,N/A
Queen,The Show Must Go On (live),lyrics_Queen_The Show Must Go On (live).json,annotation_theshowmustgoon(live)_queen.json,work_413a5804-e94e-35ed-af73-fb267479bc24.json,recording_9736ca5d-3b3f-4343-a43e-b628426bfca4.json,release_0ab079b8-143e-4107-a516-deab41669c51.json,artist_9736ca5d-3b3f-4343-a43e-b628426bfca4.json,shs_105.json,N/A,N/A
Queen,Under Pressure (rahmix),lyrics_Queen_Under Pressure (rahmix).json,annotation_underpressure(rahmix)_queen.json,work_4e6a04c3-6897-391d-8e8c-1da7a6dce1ca.json,recording_e87e51c3-2123-448b-8644-885756cfa28f.json,release_540f52d4-6c18-40ee-927a-6ca426575f0d.json,artist_e87e51c3-2123-448b-8644-885756cfa28f.json,shs_194.json,N/A,N/A
Queen,Barcelona,lyrics_Queen_Barcelona.json,annotation_barcelona_queen.json,work_00936a08-8458-33f8-aa93-2ca6e9aa8069.json,recording_ad640d42-67d1-4c91-8633-f9ebc7a36d38.json,release_25ea4fb9-b2e1-49a9-a4e3-b7ffb1c61c4a.json,artist_ad640d42-67d1-4c91-8633-f9ebc7a36d38.json,NF,N/A,N/A
Queen,Too Much Love Will Kill You,lyrics_Queen_Too Much Love Will Kill You.json,annotation_toomuchlovewillkillyou_queen.json,work_867aabae-0b40-3004-adc0-6d9f85532949.json,recording_2592cc5d-baf5-49d9-8412-b93bfeff61aa.json,release_1bdaf566-a096-4500-8827-c59daefdaaaf.json,artist_2592cc5d-baf5-49d9-8412-b93bfeff61aa.json,shs_374.json,N/A,N/A
Queen,Somebody To Love (live),lyrics_Queen_Somebody To Love (live).json,annotation_somebodytolove(live)_queen.json,work_cd3796d9-146f-3489-874e-5a4e3c838dc8.json,recording_5df5bf8a-6530-4eda-8060-2a71c108b152.json,release_0ab079b8-143e-4107-a516-deab41669c51.json,artist_5df5bf8a-6530-4eda-8060-2a71c108b152.json,shs_541.json,N/A,N/A
Queen,You Don't Fool Me,lyrics_Queen_You Don't Fool Me.json,annotation_youdon'tfoolme_queen.json,work_e33aed46-de5b-331c-a7bf-8da379f8010d.json,recording_d7999933-4e81-4bf2-8527-4404c0f9b5a3.json,release_0955c8ab-fb12-4aea-ad25-5b9f4b087a33.json,artist_d7999933-4e81-4bf2-8527-4404c0f9b5a3.json,shs_374.json,N/A,N/A
Queen,Heaven For Everyone,lyrics_Queen_Heaven For Everyone.json,annotation_heavenforeveryone_queen.json,work_c7fc3a94-a801-3fea-9001-f229feeefebb.json,recording_4cf77bbb-a65d-4376-9ab8-4ec52eb1d433.json,release_16d2a7ca-847c-4f9f-8820-f1c4eaacff5b.json,artist_4cf77bbb-a65d-4376-9ab8-4ec52eb1d433.json,shs_374.json,N/A,N/A
Queen,Las Palabras De Amor (the words of love),lyrics_Queen_Las Palabras De Amor (the words of love).json,annotation_laspalabrasdeamor(thewordsoflove)_queen.json,work_b5bb5c4c-ee04-45e5-a134-796f5893f222.json,recording_450e2a51-7bef-4048-9e72-0b938a8ecb68.json,release_a9c51dd8-b55a-3aea-ba6f-11e62447e6fb.json,artist_450e2a51-7bef-4048-9e72-0b938a8ecb68.json,shs_374.json,N/A,N/A
Queen,Driven By You,lyrics_Queen_Driven By You.json,annotation_drivenbyyou_queen.json,work_06a0fbc3-45b6-392c-b8c8-d5bcf890e18f.json,recording_8bd95599-4d23-4a8a-8a2e-ddd6e77f442e.json,release_e0dd2e17-60ed-3387-bfb6-25c3cf7bdba7.json,artist_8bd95599-4d23-4a8a-8a2e-ddd6e77f442e.json,shs_3304.json,N/A,N/A
Queen,Living On My Own (julian raymond mix),NF,NF,work_38f7084b-d0a4-4fef-8da1-f3ef10cb9105.json,recording_d8d2496e-0ffa-410d-a9e1-0463319de23d.json,release_0ab079b8-143e-4107-a516-deab41669c51.json,artist_d8d2496e-0ffa-410d-a9e1-0463319de23d.json,shs_3337.json,N/A,N/A
Queen,Let Me Live,lyrics_Queen_Let Me Live.json,annotation_letmelive_queen.json,work_12e6202f-2af7-41de-8036-2e3285871b8f.json,recording_2c05b2ab-7718-4538-aed7-1eff46c6f3de.json,release_a0e12645-41a2-4bb7-b8be-cf91c7ff15dc.json,artist_2c05b2ab-7718-4538-aed7-1eff46c6f3de.json,shs_374.json,N/A,N/A
Queen,The Great Pretender,lyrics_Queen_The Great Pretender.json,annotation_thegreatpretender_queen.json,work_9d651c9d-99cf-3d8d-b80f-641512ccd1e1.json,recording_acf4527f-419f-4ca9-83be-d20ab36409f4.json,release_a9c51dd8-b55a-3aea-ba6f-11e62447e6fb.json,artist_acf4527f-419f-4ca9-83be-d20ab36409f4.json,shs_3337.json,N/A,N/A
Queen,Princes Of The Universe,lyrics_Queen_Princes Of The Universe.json,annotation_princesoftheuniverse_queen.json,work_d402465a-1c44-4520-b8e2-4e2732bca442.json,recording_8da2b888-3dc9-4652-b69b-aa09978988df.json,release_25ea4fb9-b2e1-49a9-a4e3-b7ffb1c61c4a.json,artist_8da2b888-3dc9-4652-b69b-aa09978988df.json,shs_374.json,N/A,N/A
Queen,Another One Bites The Dust,lyrics_Queen_Another One Bites The Dust.json,annotation_anotheronebitesthedust_queen.json,work_32f309f2-d322-3194-807c-1b78f979ff66.json,recording_e07d72b9-417c-4b98-8fb6-8446d5817162.json,release_540f52d4-6c18-40ee-927a-6ca426575f0d.json,artist_e07d72b9-417c-4b98-8fb6-8446d5817162.json,NF,isophonics_258,02 Another One Bites The Dust
Queen,noâ€one but you(only the good die young),lyrics_Queen_noâ€one but you(only the good die young).json,annotation_noâ€onebutyou(onlythegooddieyoung)_queen.json,work_96349e0c-1311-4f10-9c5f-b06371dd04ea.json,recording_50839bf8-ed06-4ebd-ad4b-31c863dcaf2b.json,release_d5d9195e-252f-43fc-9e63-63be7e1dccf9.json,artist_50839bf8-ed06-4ebd-ad4b-31c863dcaf2b.json,shs_374.json,N/A,N/A
Queen,These Are The Days Of Our Lives,lyrics_Queen_These Are The Days Of Our Lives.json,annotation_thesearethedaysofourlives_queen.json,work_4b779106-b26f-3951-95f2-a166a4481800.json,recording_d0895c48-d2f8-45e9-b8a0-e792593d1c3a.json,release_0ab079b8-143e-4107-a516-deab41669c51.json,artist_d0895c48-d2f8-45e9-b8a0-e792593d1c3a.json,shs_374.json,N/A,N/A
Queen,Thank God It's Christmas,lyrics_Queen_Thank God It's Christmas.json,annotation_thankgodit'schristmas_queen.json,work_1f7a7d95-99af-438d-aa74-040ba2bb8f51.json,recording_1861d5ea-6b32-4532-bdb3-96d9389b284f.json,release_e801e18e-edd9-4d3c-8b8a-fda29f9375f8.json,artist_1861d5ea-6b32-4532-bdb3-96d9389b284f.json,shs_374.json,N/A,N/A